fechaHora,cp_41001,cp_41003,cp_41005,cp_41010,cp_41020
2023-03-01T00:00:00+01:00,9.359054396148096,5.2038696706996985,130.73749343999123,38.29407909229212,45.1780161731153
2023-03-01T01:00:00+01:00,6.944506348222377,4.827575448782302,119.8086109025777,33.0504547958926,44.25903192472743
2023-03-01T02:00:00+01:00,10.460367087661155,4.817158253294471,117.04035162156647,28.91398866277339,42.64285912972055
2023-03-01T03:00:00+01:00,10.663713681862262,4.8044415161775875,116.16631962288119,28.31020885580314,43.27358952422123
2023-03-01T04:00:00+01:00,10.411626492394412,4.824283126051848,116.35298398889678,29.680365675811085,43.00373970166165
2023-03-01T05:00:00+01:00,11.915204276233567,4.951998581850597,122.74629846378821,31.756162464037068,45.601778869911364
2023-03-01T06:00:00+01:00,15.363098376955648,7.111896925978795,151.52094458307351,37.665801939340746,49.22696525082633
2023-03-01T07:00:00+01:00,19.096673495396438,9.440292940943705,207.13493030049096,57.782578922303564,51.993768764908175
2023-03-01T08:00:00+01:00,19.42726244794991,8.832881140779854,203.20243845312723,67.4787810064402,57.828727264522065
2023-03-01T09:00:00+01:00,19.541174096166518,8.458231449052489,194.0016067382035,67.89186151031619,57.156091874948885
2023-03-01T10:00:00+01:00,19.720477138050935,7.982666777433421,184.9206750294937,67.38709624949645,57.486105115459615
2023-03-01T11:00:00+01:00,19.786176912342498,7.914848960014376,177.12255988504498,65.5578709827294,58.17173806368686
2023-03-01T12:00:00+01:00,19.06169469886368,7.942416087421809,178.73940781475858,62.698116432738466,57.363189595944434
2023-03-01T13:00:00+01:00,19.58388138826793,7.535510538360479,178.32365878458438,64.36672946236096,57.92285542112955
2023-03-01T14:00:00+01:00,19.320672493715076,7.182126289534907,172.39874411305937,60.40154048115309,60.34889663912509
2023-03-01T15:00:00+01:00,18.340478056707422,7.217937223325639,166.87947381484472,58.07860383674973,59.40607628044317
2023-03-01T16:00:00+01:00,16.575372676070504,7.129155437507461,165.437744015039,55.155878414129724,55.32426558333771
2023-03-01T17:00:00+01:00,16.583845086488417,7.226190580368449,168.9270981906474,56.75590904399346,51.612035808023066
2023-03-01T18:00:00+01:00,15.610668393676207,8.07609975233871,178.02584338178536,58.138145127196935,50.951962259563246
2023-03-01T19:00:00+01:00,16.100644188747385,8.322561795329117,187.41367794653362,64.34887902357633,51.15399060359273
2023-03-01T20:00:00+01:00,16.88911239947347,8.537876360475122,187.64277332524446,62.4379652284286,52.11418509213235
2023-03-01T21:00:00+01:00,14.281006092970935,7.733230839658382,176.3130516410561,58.29999007443327,46.182799459080755
2023-03-01T22:00:00+01:00,12.225495584876553,6.307753542943864,159.56051504921356,48.95718706641824,46.150992495570264
2023-03-01T23:00:00+01:00,11.48367523355502,5.776359456980111,145.058171365328,45.364870399269776,44.66785373970164
2023-03-02T00:00:00+01:00,9.532288663967464,5.124776711127878,130.49554017939735,38.99188197063477,45.16927729123938
2023-03-02T01:00:00+01:00,9.15565018689774,4.8739909490195,119.40333125093485,34.11218745825983,44.81964895292858
2023-03-02T02:00:00+01:00,10.463241767350434,4.8569527288956795,117.68267235521853,30.574725999340814,42.893902827358865
2023-03-02T03:00:00+01:00,10.930569931935345,4.830501834611227,115.89626340167189,29.785968785467468,43.05798886404032
2023-03-02T04:00:00+01:00,10.769966862073856,4.868117206599338,115.98302259433564,29.745218324937436,43.78440834206087
2023-03-02T05:00:00+01:00,11.659009033280457,5.082609092953259,122.97646938653416,32.62072466322988,46.046054058496466
2023-03-02T06:00:00+01:00,15.499636108015087,7.406193808208116,153.27658212590228,38.2921755729998,48.85697400722547
2023-03-02T07:00:00+01:00,19.031424753014758,9.360317768756865,206.23410585767942,58.81005803536967,52.13912544212293
2023-03-02T08:00:00+01:00,19.574291921986998,8.909446383248648,205.20707829152423,68.2591219827564,58.051111587705606
2023-03-02T09:00:00+01:00,19.78580707619994,8.258543047615946,196.06073955405896,68.027865026261,58.91000879755311
2023-03-02T10:00:00+01:00,19.8521109852839,7.8632213842232295,183.2658725067692,66.68897448356812,58.494349676327055
2023-03-02T11:00:00+01:00,19.611366585692497,7.82619191389478,177.24251713054923,65.59196355265229,58.97494740094077
2023-03-02T12:00:00+01:00,19.20164301582506,7.77518496349279,178.61507414038064,63.511035159416956,58.3782813423874
2023-03-02T13:00:00+01:00,19.09048617228547,7.540849505551717,177.31947325004464,64.35120797139649,57.6449848627191
2023-03-02T14:00:00+01:00,19.099982895657362,7.146223799826458,171.2953590354542,62.34925977822828,57.88646930914671
2023-03-02T15:00:00+01:00,18.527408414753655,7.128279792270918,165.61833623307456,58.37979078087619,59.08904493556056
2023-03-02T16:00:00+01:00,15.927932643887475,7.036613471219977,164.74231427393553,55.83808340479286,57.36376911072998
2023-03-02T17:00:00+01:00,16.817750803726977,7.230023073566412,165.95033906154762,57.41310941606676,52.497066476680864
2023-03-02T18:00:00+01:00,15.8782064612088,8.04417949389479,174.814729107285,57.81894620930991,51.05766610023129
2023-03-02T19:00:00+01:00,17.11877238624496,8.310457237198147,186.86117838303122,62.91762851362417,52.47918393776222
2023-03-02T20:00:00+01:00,17.236069211245358,8.40883383108838,186.84165435529906,61.26355190481262,51.26107406568279
2023-03-02T21:00:00+01:00,14.207562269958814,7.601749216784068,173.9164403447929,57.77232568637166,46.9205878240033
2023-03-02T22:00:00+01:00,12.397368804312555,6.443172528826926,157.82798776038797,49.700295262301466,46.56398150928927
2023-03-02T23:00:00+01:00,11.315469205796461,5.820732142116511,144.30402402004367,45.507798112853486,45.30912214534121
2023-03-03T00:00:00+01:00,9.636854248385102,5.153363921429596,131.14574505709678,38.591069582785956,44.54819280991431
2023-03-03T01:00:00+01:00,8.596924833899738,4.8888440021536494,119.88437428702002,33.96098457991145,44.47893842357197
2023-03-03T02:00:00+01:00,10.562210756952071,4.868230164131342,117.61415205346665,31.038998311964008,43.70454795966353
2023-03-03T03:00:00+01:00,10.197185651145736,4.848925619633043,115.96009159080916,28.768335134775015,43.54094569918579
2023-03-03T04:00:00+01:00,10.104179685924601,4.873756142846589,116.09183150058057,29.310479626374473,44.013954256535214
2023-03-03T05:00:00+01:00,11.002144556631595,5.007439364660293,122.78926878521169,32.00196923429937,45.301829502581604
2023-03-03T06:00:00+01:00,14.658798762527784,7.458068321186413,154.22232010085474,38.912741220812194,48.661279792684475
2023-03-03T07:00:00+01:00,18.837555836092406,9.425700789058252,209.11329688665154,58.70013745386067,53.3263307561128
2023-03-03T08:00:00+01:00,19.46388466446272,8.830485487095904,204.8748560866589,67.11648833265424,57.4352401081561
2023-03-03T09:00:00+01:00,19.697891221121974,8.252888528247066,195.7928889967211,67.48908059614756,58.400135683204454
2023-03-03T10:00:00+01:00,19.308258623518704,7.92919399777334,183.71310242574995,66.92673018154493,57.87256253393776
2023-03-03T11:00:00+01:00,18.815074892755742,7.7996869159836475,177.3316804364091,66.30287980641256,57.93404548400699
2023-03-03T12:00:00+01:00,18.56436933149507,7.824696391464986,178.85413572662029,64.63131095045296,57.87858992427596
2023-03-03T13:00:00+01:00,19.15908660845018,7.718150418622713,177.2438629325694,64.30998921424673,58.81227079234379
2023-03-03T14:00:00+01:00,18.968707427796573,7.36131981225783,171.3694320938112,61.27222128497876,58.12485144029221
2023-03-03T15:00:00+01:00,18.02395782316882,7.278307289403876,166.7173125759338,59.1545482041594,58.5118405995977
2023-03-03T16:00:00+01:00,16.664904806037665,7.168333249289498,166.31921191187854,56.551769589834436,54.802806597109324
2023-03-03T17:00:00+01:00,16.624714267660153,7.353147741242612,169.40532557367766,56.41913318782416,52.04959524648331
2023-03-03T18:00:00+01:00,15.990243163365077,8.04455050124907,175.1343239357338,57.15136610478957,49.48697339962212
2023-03-03T19:00:00+01:00,16.6174115364051,8.320721940654344,183.57985104740118,61.48675158133188,49.6457351854009
2023-03-03T20:00:00+01:00,16.84268145648634,8.082440108152243,183.24712443367451,60.34891300884649,48.71677634743165
2023-03-03T21:00:00+01:00,14.368044142926914,7.598337148295083,168.2375950300775,54.18710773010816,47.98728082640919
2023-03-03T22:00:00+01:00,12.597175664606196,6.338025526137626,154.42141830733627,47.77415298820998,45.7176707963303
2023-03-03T23:00:00+01:00,11.082191410610589,5.810897042209029,143.76087069235476,44.81954266793385,45.19355557508794
2023-03-04T00:00:00+01:00,9.478636737434545,5.2539747646005015,131.63865996740915,39.040529225621256,43.63734502766864
2023-03-04T01:00:00+01:00,9.401997002201238,4.89772686091551,120.3374445197318,33.420245779061496,43.519074678143966
2023-03-04T02:00:00+01:00,10.512419191031602,4.891937003157976,118.13773568311413,31.403366418234214,43.51789112847378
2023-03-04T03:00:00+01:00,10.435859051490684,4.879220266041092,116.29702826559429,28.978117795832144,43.09172929674462
2023-03-04T04:00:00+01:00,10.458976755786512,4.8104233255469095,115.76053571276982,28.74924642592733,43.170782495697175
2023-03-04T05:00:00+01:00,11.372760994103292,4.911728824108468,119.93518881801872,32.28991912582425,43.67562258285191
2023-03-04T06:00:00+01:00,14.625306449377469,6.901314268898772,132.42073227689323,35.27365143676804,44.90050845804586
2023-03-04T07:00:00+01:00,16.912342210448333,8.548980248857498,169.2971503171488,45.62228528056071,48.35622810565385
2023-03-04T08:00:00+01:00,18.053487746389365,9.051677214618184,195.04075317647246,59.485328328103684,49.13456637566312
2023-03-04T09:00:00+01:00,18.49357860202395,9.773353642523434,213.59712212204406,67.27182388288405,49.91209099316731
2023-03-04T10:00:00+01:00,18.140224981240774,9.326670458685443,210.11048083958693,66.42522614367243,50.39037501503761
2023-03-04T11:00:00+01:00,18.239540283208758,8.7896212486243,192.17976471294944,65.71079820141881,50.48286794854942
2023-03-04T12:00:00+01:00,17.815015341647673,8.714728149122974,190.32556076631667,62.94489954042082,51.135768575226464
2023-03-04T13:00:00+01:00,17.769249458926197,8.493150465894038,187.0626798296871,63.18976464304255,51.80217674503299
2023-03-04T14:00:00+01:00,17.051444675410984,8.173215164531413,178.40508853614816,61.19352350006961,50.95204920861115
2023-03-04T15:00:00+01:00,16.835649318174568,7.6381759075287725,169.95780449630465,57.45493877674783,47.751825530297985
2023-03-04T16:00:00+01:00,15.609885894527846,7.295578612115492,167.01581936247499,53.754650290641926,45.77239000670191
2023-03-04T17:00:00+01:00,15.806301289055167,7.747942854914609,170.82849275249436,53.09903744136159,46.98900199118616
2023-03-04T18:00:00+01:00,15.368840382512692,7.931490393156759,175.94377077338322,53.81012441122865,46.733608584378466
2023-03-04T19:00:00+01:00,16.467908300514704,8.295176007215172,176.7609291762661,58.31517131653365,44.540489022689385
2023-03-04T20:00:00+01:00,16.511292817788338,7.968116049270358,174.82552247780868,54.50499304598447,43.91774162611722
2023-03-04T21:00:00+01:00,14.047392873900453,7.374069107905751,162.05936690741063,51.22644481992426,43.0275540603646
2023-03-04T22:00:00+01:00,12.10517085170213,6.346928697469084,152.14762125617887,45.40608758255773,43.193970935706346
2023-03-04T23:00:00+01:00,11.870324347468847,5.880317818696539,143.6170766539432,44.01338851665415,43.204471652749874
2023-03-05T00:00:00+01:00,10.184078664677601,5.304446495429334,133.9663298073133,39.08035562960596,43.142043880869345
2023-03-05T01:00:00+01:00,9.35781748302882,4.991490353945587,121.42101882423111,34.44266545687356,42.331934797433576
2023-03-05T02:00:00+01:00,9.878561883449425,4.9167354715526,117.94640712862173,32.224438426952695,41.71581100252518
2023-03-05T03:00:00+01:00,10.091232966089407,4.918322790638533,116.66724106714052,29.214530820079602,42.81001336682736
2023-03-05T04:00:00+01:00,9.564506157969905,4.932119789886523,116.30577452801164,28.795202899830702,42.6806862931144
2023-03-05T05:00:00+01:00,10.302812197069166,4.964622356499529,119.01253009519985,31.434810713151556,43.01019223221786
2023-03-05T06:00:00+01:00,13.731900674526957,6.435155759849539,124.91236091036264,33.65121958589959,42.48145647293143
2023-03-05T07:00:00+01:00,15.469891019002507,7.894407316087443,156.00204603611047,37.86173327392607,45.68388830713766
2023-03-05T08:00:00+01:00,17.15137273577512,8.783181933364075,183.04933323410992,50.759893921618314,45.744327753633094
2023-03-05T09:00:00+01:00,17.420529491434678,10.279375224960575,214.64720770666486,64.3396212808722,47.59582132756343
2023-03-05T10:00:00+01:00,17.436309559907464,10.119968689786218,213.19273262807457,65.81690899364358,47.00028182681686
2023-03-05T11:00:00+01:00,16.57300069222153,9.793127808706615,203.5207114969452,64.86741547359838,46.434230154165355
2023-03-05T12:00:00+01:00,16.28282803510257,9.440853486417572,193.72126228966366,63.17487879985973,47.54614800472913
2023-03-05T13:00:00+01:00,15.998781805617265,8.749346859335786,184.56045808187446,62.41429666070902,47.142348603743955
2023-03-05T14:00:00+01:00,15.65275728100468,8.205777472711125,176.15670929655164,59.81434300515939,48.247222107702875
2023-03-05T15:00:00+01:00,15.019457582381365,7.5763080692368705,170.43671620784568,54.654466835143,46.27803472357792
2023-03-05T16:00:00+01:00,14.517171061801806,7.3040586037114,167.0393493643401,51.78772388728193,45.23168190343872
2023-03-05T17:00:00+01:00,14.59317807255703,7.6325944656366,170.67258625699202,52.026355113142095,44.86207700040693
2023-03-05T18:00:00+01:00,16.066113461227076,8.113766992977753,178.3621234814249,52.70909845023189,44.61425662907175
2023-03-05T19:00:00+01:00,16.911330865311744,8.551915276021575,182.72693549337487,57.707977059580536,45.241419175801546
2023-03-05T20:00:00+01:00,15.802294843947362,8.341571628879047,184.48205084000836,55.60482782501817,44.44893408115208
2023-03-05T21:00:00+01:00,14.2627100498475,7.60076850334907,169.69109995589164,52.00056777102994,43.683066052215054
2023-03-05T22:00:00+01:00,15.548357868563693,6.702986638288311,156.34934285044312,47.44479919260081,43.16000444065832
2023-03-05T23:00:00+01:00,32.20697937664137,6.226375544574161,145.2127195133879,44.44371423604055,44.0713413863469
2023-03-06T00:00:00+01:00,9.40741408910326,5.411238458344583,131.80157145663347,38.72734325942045,44.60555429461521
2023-03-06T01:00:00+01:00,9.121852032835424,4.9047505854315725,119.86169898800031,34.26837527759215,42.87292680134452
2023-03-06T02:00:00+01:00,10.883061273504367,4.878797548760503,117.54777771641776,30.42769077656644,42.48299607897451
2023-03-06T03:00:00+01:00,10.230093962307722,4.872130364550215,115.68432575446772,28.729975332530024,43.729682536525864
2023-03-06T04:00:00+01:00,9.939311625322864,4.871073330894265,115.96731688840934,28.80373386906171,43.974440807440416
2023-03-06T05:00:00+01:00,10.980639999050606,5.13567517137466,121.84768214525377,31.67348379070284,45.962397678988566
2023-03-06T06:00:00+01:00,14.994405893874525,6.802702302929626,158.1579441251256,39.356081790203326,48.45000085444885
2023-03-06T07:00:00+01:00,19.1145494802319,9.014133027868146,206.78321297941335,56.89672454340053,52.873512672610026
2023-03-06T08:00:00+01:00,19.717286188309075,8.854065214169657,206.0738643085114,63.20694058139513,56.288331743568754
2023-03-06T09:00:00+01:00,20.16917645959621,9.151808809312833,198.54292039425647,66.68608173892548,56.222182217905676
2023-03-06T10:00:00+01:00,20.398997687651285,8.536973250148494,189.21714346793607,66.03441678814383,56.030542705314716
2023-03-06T11:00:00+01:00,20.165527158487865,8.279585944591224,183.26597071582466,64.94683646357981,58.299343759163605
2023-03-06T12:00:00+01:00,19.927201378493105,8.40505389221456,180.25454662360931,63.511056327109515,57.297235461478955
2023-03-06T13:00:00+01:00,20.266247469265057,7.789371326988762,179.53374126015112,62.662120666615365,58.196937294088066
2023-03-06T14:00:00+01:00,20.355368943011502,7.491920174960146,173.4826401936568,60.07604497578094,58.671816350284715
2023-03-06T15:00:00+01:00,19.39001696752049,7.287708712450988,165.3677814800855,56.156912477519526,57.81438182677561
2023-03-06T16:00:00+01:00,17.141740178656676,7.143314442809786,165.82281636538718,55.27724510588543,56.12398196054979
2023-03-06T17:00:00+01:00,16.69810812413868,7.560598866469631,168.83855611035966,54.14916481547953,52.43352871492112
2023-03-06T18:00:00+01:00,16.064107677666236,7.969493679635191,178.59542631712318,56.17981400136248,52.26107553963323
2023-03-06T19:00:00+01:00,16.99809080923077,8.590094727709578,187.88442198599955,60.73534418985695,50.39310190300913
2023-03-06T20:00:00+01:00,16.59652749763323,8.369052473609127,188.80462233989823,59.20485913936911,49.90043791877403
2023-03-06T21:00:00+01:00,14.720066064675645,7.645029478998077,174.06117812523925,56.610253534407704,47.82835455733348
2023-03-06T22:00:00+01:00,13.346627906654692,6.522017606660753,156.43572183053968,49.44207700224614,46.78761876295967
2023-03-06T23:00:00+01:00,10.86116148913084,5.980568230481906,144.76106497903572,45.25660899568142,46.42972915003658
2023-03-07T00:00:00+01:00,10.229410298388988,5.4233110743577555,131.39706879664163,38.839450445551826,45.021092922330126
2023-03-07T01:00:00+01:00,34.425261980484066,4.9844609847061285,120.03887775995086,33.95437927659852,43.99654660119906
2023-03-07T02:00:00+01:00,11.360327963108935,4.874566586216654,118.51570900260747,30.066803117853606,42.89789439911822
2023-03-07T03:00:00+01:00,11.413978571333402,4.857363774526902,117.62961772777416,29.179625988959256,44.482201054355
2023-03-07T04:00:00+01:00,10.683538831690576,4.852378900037945,117.68365817494842,29.412927088937828,44.5786274841082
2023-03-07T05:00:00+01:00,11.948414817500641,5.1320266687623075,122.16535107407995,32.37069295876948,46.097900870637034
2023-03-07T06:00:00+01:00,15.666096649100979,6.847626754686814,156.08397441246248,40.08162129719785,49.07912465140053
2023-03-07T07:00:00+01:00,19.26221589728408,9.279511604065277,210.5720324917418,58.37762155646689,52.747129119486324
2023-03-07T08:00:00+01:00,20.618142984568745,8.852233382453724,208.19438585113159,65.63532347281766,56.68377497450241
2023-03-07T09:00:00+01:00,20.825343608316814,8.83105445950523,195.55080687409227,67.37855343311729,57.34076885346049
2023-03-07T10:00:00+01:00,21.145358389696543,8.313537684347365,183.43251807588717,66.82360530239515,57.04180197051544
2023-03-07T11:00:00+01:00,20.519171659173605,8.059826668478461,178.5869057010594,65.35138704849412,59.3151528566192
2023-03-07T12:00:00+01:00,20.2369215202511,8.053962492976995,179.2236035585474,63.478522961201676,58.63539086815712
2023-03-07T13:00:00+01:00,20.033148688104635,7.660664627991826,177.90556795789195,64.40240297013369,58.8489705185484
2023-03-07T14:00:00+01:00,20.002449992066655,7.353041041857786,172.65872845830575,59.59117840469102,58.61187429447837
2023-03-07T15:00:00+01:00,18.817370914263343,7.1813945684090195,165.78275406057065,57.28210126911841,58.914215580828646
2023-03-07T16:00:00+01:00,17.081659500126733,7.228749506140127,165.2059324702181,55.399194542609635,55.5861423030784
2023-03-07T17:00:00+01:00,17.052349128206583,7.484390527719379,168.67182656882187,56.90206878719349,53.221927852679705
2023-03-07T18:00:00+01:00,16.668977620971067,8.038401902950785,178.21822599508255,56.89791407313216,52.30922340374842
2023-03-07T19:00:00+01:00,18.056456018888333,8.53443026713205,187.49523354113603,61.21912020707632,50.73901902731874
2023-03-07T20:00:00+01:00,17.5241165040136,8.485183236152777,187.69253589993664,60.55710239875962,50.35083253397194
2023-03-07T21:00:00+01:00,14.593137318098453,7.569288801646738,173.94264922644717,57.2943176997532,46.995031631254705
2023-03-07T22:00:00+01:00,13.963413840105039,6.538629557783115,157.5915578390702,50.357734869450006,45.86177293972448
2023-03-07T23:00:00+01:00,11.50786089062803,5.839123305642615,144.3793441089401,45.5791639893419,45.618700804477925
2023-03-08T00:00:00+01:00,10.092756239943833,5.426007227784841,130.70696940876263,39.183770868504055,44.59462371780627
2023-03-08T01:00:00+01:00,8.186104856637563,4.930541929619684,120.05914417121909,34.08558036996154,44.49392350520188
2023-03-08T02:00:00+01:00,10.363796917173126,4.9620938309877625,117.97600010315234,29.67393047207328,43.847193085037986
2023-03-08T03:00:00+01:00,10.445865843385935,4.975548130463306,117.97912866028112,28.45043053774317,44.504362841205634
2023-03-08T04:00:00+01:00,10.32823498194914,4.96921870374514,118.22129524183148,29.028439545828128,44.55832599165196
2023-03-08T05:00:00+01:00,11.37076675812473,5.150815530844222,122.65684603494859,32.784470899707436,45.89691429806872
2023-03-08T06:00:00+01:00,15.10043378308829,6.8006686153792595,154.91157362805936,39.53119969852845,49.0837297488864
2023-03-08T07:00:00+01:00,19.112365240453588,9.643887234876695,209.91977251138655,58.048386466234064,52.8004543605127
2023-03-08T08:00:00+01:00,19.66086006964014,9.029361714674495,206.44473432652666,66.96284774480752,57.69119848295272
2023-03-08T09:00:00+01:00,19.847961947876883,8.737742472118413,197.51784687150717,67.56700732405884,58.17025794006005
2023-03-08T10:00:00+01:00,19.937533933527593,8.422588917971192,185.52825510903574,67.03624492298847,58.65901953603483
2023-03-08T11:00:00+01:00,19.66601880787824,8.266231470093764,178.52607380100554,65.72661535065369,58.67842426019773
2023-03-08T12:00:00+01:00,19.51018103005049,8.195641571659344,178.42093394823436,64.1417703391909,58.74960296887265
2023-03-08T13:00:00+01:00,19.636869243290423,7.716399168915363,177.475889343046,65.31630995471662,59.00115654402216
2023-03-08T14:00:00+01:00,19.592858235086606,7.435625447678064,171.3242585263546,60.725985530711064,59.483328830909194
2023-03-08T15:00:00+01:00,18.801305178887088,7.34682378508044,166.37792962377083,58.47962270193651,58.41622534532783
2023-03-08T16:00:00+01:00,17.223526349193268,7.281559090848572,165.71882144827316,56.37276228949356,56.22123019250343
2023-03-08T17:00:00+01:00,16.626465211107313,7.452776118401559,168.7385405177943,56.20523869915273,52.45216881301609
2023-03-08T18:00:00+01:00,16.27194488657716,8.095868805481832,177.37333745875162,57.476723142203795,52.0888222892148
2023-03-08T19:00:00+01:00,17.179775891447893,8.624885178214631,188.17769504837534,63.95005440443204,51.40083812511173
2023-03-08T20:00:00+01:00,16.80305967579743,8.512740989137065,188.0919128959724,61.978853426066266,50.78383087586434
2023-03-08T21:00:00+01:00,14.483977290747738,7.6314254279066365,174.79237712169146,57.697560413162215,46.86864262797297
2023-03-08T22:00:00+01:00,13.172500750379472,6.532292673365075,157.19114635746078,49.41176152098242,46.05818468497259
2023-03-08T23:00:00+01:00,11.348400032111597,5.729445574387126,144.34146621363175,45.088943726590465,45.545690166254595
2023-03-09T00:00:00+01:00,9.9190830597864,5.425163177458789,130.97796825977818,40.15800585263398,44.681331351044065
2023-03-09T01:00:00+01:00,9.59944342573052,5.065368391716179,120.13163992821441,34.660769647660274,44.58927969736586
2023-03-09T02:00:00+01:00,10.255869422368274,4.981456186472418,117.96381871343506,30.930270382927212,44.26426704471242
2023-03-09T03:00:00+01:00,10.464902447940458,4.923327303748364,117.81854887873924,29.30121215757568,44.79224976282068
2023-03-09T04:00:00+01:00,10.283065351051697,4.9180275203530615,117.9986915366922,29.377037055857024,44.48708391431833
2023-03-09T05:00:00+01:00,11.216410122249592,5.09604612109951,123.1749118096523,33.58670503509557,45.601781110315216
2023-03-09T06:00:00+01:00,15.229512961828453,6.854295705458597,154.24162421906465,39.63512064511482,48.64986689797238
2023-03-09T07:00:00+01:00,18.608667964151017,9.35752864548995,202.74153780074556,58.516570357734594,52.91998798030329
2023-03-09T08:00:00+01:00,19.31904898293773,8.96417637101395,204.1977614661318,66.65985151786421,57.607255977956356
2023-03-09T09:00:00+01:00,19.34788518944671,8.474202656596201,193.92458310244396,66.92248308134435,59.07350688933396
2023-03-09T10:00:00+01:00,19.636714897347822,8.302507985382286,182.40332630098902,66.80272125602094,58.53587754608524
2023-03-09T11:00:00+01:00,19.34885167410647,8.115763443059567,178.281205300854,65.88064853901277,59.317712763516006
2023-03-09T12:00:00+01:00,19.07966013437854,7.937275151385752,178.22080683504495,64.44326365911331,58.24554276742582
2023-03-09T13:00:00+01:00,19.16066935212463,7.640806756985872,176.90063138250605,65.2255085116764,58.21531680350559
2023-03-09T14:00:00+01:00,19.239948345845864,7.431216423023887,170.64830859682527,62.7347311196241,58.532524614549665
2023-03-09T15:00:00+01:00,18.566828091332688,7.31401040578621,165.63842983283084,58.15976211840848,58.70441957139979
2023-03-09T16:00:00+01:00,17.050370827305407,7.297261704299306,164.88208728551967,56.82975678393877,57.0278158396037
2023-03-09T17:00:00+01:00,17.046351841130026,7.523980363759521,167.20226486624276,57.17277396228996,52.73027161153744
2023-03-09T18:00:00+01:00,16.14967160752799,8.122979132478767,174.85919825853728,57.668311076947184,51.453793331094346
2023-03-09T19:00:00+01:00,17.1530232020374,8.521429182049395,186.25208477756462,62.35819288430264,51.887356540812846
2023-03-09T20:00:00+01:00,17.027359034002828,8.404064354865712,186.53573564610065,61.327333266848214,50.717923938597174
2023-03-09T21:00:00+01:00,14.374011014104061,7.600023197294413,173.87610326465605,57.438477856017,47.234145306197654
2023-03-09T22:00:00+01:00,13.15126116575008,6.499922605442148,156.76275647018824,50.293759248176414,46.270341100054665
2023-03-09T23:00:00+01:00,11.235810964473256,5.760225979643825,143.96501285072526,45.27539723650516,45.399699449358025
2023-03-10T00:00:00+01:00,9.840908088660655,5.412760972238856,131.39473813843279,39.44086315048441,44.49838922312848
2023-03-10T01:00:00+01:00,8.812618181511857,4.984049792344222,119.78805128431439,34.626417433928765,44.39446526027714
2023-03-10T02:00:00+01:00,10.21574783691806,5.07681152563981,117.52453271781498,31.670267451846534,44.16449848147504
2023-03-10T03:00:00+01:00,10.029073806774825,5.032444841337544,117.51181598069809,28.604638084459847,44.1514835725002
2023-03-10T04:00:00+01:00,10.085007770930801,5.0401969779905125,117.66826652252738,29.207786202415942,44.086362785605246
2023-03-10T05:00:00+01:00,10.659139198178812,5.104863414781935,122.98746293648081,33.2866808033272,45.03453263439612
2023-03-10T06:00:00+01:00,14.55954158003343,6.884461583396041,153.2623229029674,39.75508296143079,47.980466380619575
2023-03-10T07:00:00+01:00,18.68207023478779,9.638832491517519,206.60120560842375,58.82590219474326,52.98833387383732
2023-03-10T08:00:00+01:00,19.20649006515223,9.048279374962878,208.24793722996142,67.3005111176131,57.48912669672532
2023-03-10T09:00:00+01:00,19.33476491882852,8.548476628357289,197.92172296442615,67.5411343558137,57.781778694537394
2023-03-10T10:00:00+01:00,19.27725063317454,8.420828357028652,185.06046064189545,67.19208915385073,58.15956608253487
2023-03-10T11:00:00+01:00,18.942355478433225,8.095666224304773,177.99076454523882,65.80171826337879,58.72919914394947
2023-03-10T12:00:00+01:00,18.57122376930659,7.747340483251089,176.8940901708953,65.18759444400037,57.90139604140688
2023-03-10T13:00:00+01:00,18.81513994009241,7.575143964421503,176.68106451634154,65.21777445788521,58.5428918058589
2023-03-10T14:00:00+01:00,18.90550388232414,7.50635139955714,171.4366647793945,62.770699647048225,58.04181314962765
2023-03-10T15:00:00+01:00,18.29219163490858,7.293609152302364,167.32419416908675,59.51753526323232,57.8133036191228
2023-03-10T16:00:00+01:00,17.226451326217692,7.3612110063335505,166.86974882564664,57.26732556051635,55.71009699337337
2023-03-10T17:00:00+01:00,16.595065339172358,7.606063973260801,169.60690205999484,56.58413342039482,52.64650577004141
2023-03-10T18:00:00+01:00,16.035940557410076,8.08592889140184,174.3715155937164,57.62723279393712,50.71950072319054
2023-03-10T19:00:00+01:00,16.805175617289102,8.340072703003138,182.28997040829938,61.577992422531814,50.24331073609786
2023-03-10T20:00:00+01:00,16.5693812326576,8.261131461479081,182.09464788017615,60.27223193323065,49.10164115891077
2023-03-10T21:00:00+01:00,14.246060463972142,7.520872864353929,168.94733387364258,55.59929927627276,47.239994293004614
2023-03-10T22:00:00+01:00,12.777678273110187,6.426734056792227,155.04424479082607,48.3558504384304,45.86277354326596
2023-03-10T23:00:00+01:00,11.076081335431189,5.708211947077439,143.8815386926081,45.16853306761973,44.99699334946307
2023-03-11T00:00:00+01:00,9.718232040540245,5.378736555919958,131.69856028872908,39.575372618222474,43.191099906569235
2023-03-11T01:00:00+01:00,9.439895332770398,5.075015829643274,120.26019542722406,34.696825203427885,43.64224270792212
2023-03-11T02:00:00+01:00,10.034231629041699,5.061510209332924,117.77892159015398,32.065924350518664,42.970637149410855
2023-03-11T03:00:00+01:00,10.062110866095479,4.9388990737265654,117.7735804370231,29.09178914104149,43.117677172474416
2023-03-11T04:00:00+01:00,10.044538509366998,4.9256028688151705,117.25707143522442,28.884982615692874,43.034486540976566
2023-03-11T05:00:00+01:00,10.599848845659281,4.977757419253307,120.06043868065849,33.35879251896784,43.24320263382263
2023-03-11T06:00:00+01:00,13.981201910560069,6.480235384509355,131.47241766297702,37.27932326390457,44.229511786581206
2023-03-11T07:00:00+01:00,16.944137728546842,9.018366752888381,167.94254606418622,48.76401245050988,48.23221795682727
2023-03-11T08:00:00+01:00,18.011908906441487,9.406969034443094,199.004193309803,61.08983374815815,50.47093350547558
2023-03-11T09:00:00+01:00,18.19853961885552,9.964588364233451,214.2822793663314,67.18786248898041,50.834607781191956
2023-03-11T10:00:00+01:00,18.069908245584656,9.537222632991728,211.80783878324056,67.06143748536353,50.860953525352635
2023-03-11T11:00:00+01:00,18.13518913754799,8.9884820555259,193.16490548950648,66.37037978191658,50.99011997828771
2023-03-11T12:00:00+01:00,17.82632753298864,8.631152757495927,188.79231987357937,64.39540271580783,51.15215330328592
2023-03-11T13:00:00+01:00,17.864577199242333,8.391086581233816,187.4712546641546,64.5432371739414,51.15070902391311
2023-03-11T14:00:00+01:00,17.18675125834735,8.19311437641098,176.71481026858174,63.20012787133652,50.330134785318414
2023-03-11T15:00:00+01:00,16.896231829090336,7.600864225354674,169.6806108585215,57.92930558931481,48.101372861901666
2023-03-11T16:00:00+01:00,16.221210447199308,7.3826109700111555,168.67854897607322,54.17635326109865,47.438933513083825
2023-03-11T17:00:00+01:00,16.16952769241787,7.728621015164212,171.0047406698208,54.047865784007215,47.347199020416326
2023-03-11T18:00:00+01:00,15.245717573784594,8.142869629849733,175.48675075251938,54.7423642394519,46.399430813678535
2023-03-11T19:00:00+01:00,16.42869235441706,8.333268405360958,177.54390922498408,58.64294634102804,44.54657653968065
2023-03-11T20:00:00+01:00,16.43072258883982,8.215956345867525,174.95484264455038,55.9114082141218,43.711365754369545
2023-03-11T21:00:00+01:00,14.213680678953677,7.343050741728221,163.22379939647055,51.97753094538636,42.79250464865256
2023-03-11T22:00:00+01:00,12.866964876914928,6.466859187602884,151.15610420037686,45.75466474227511,42.73067456233008
2023-03-11T23:00:00+01:00,11.691738900805515,5.8407105710357285,143.53810048548877,44.342792131009354,42.77064205212359
2023-03-12T00:00:00+01:00,9.918441086145787,5.465297903951157,133.8862932427875,39.406476673583256,42.95914516921258
2023-03-12T01:00:00+01:00,9.250188465178192,5.180517612892414,121.25376357841763,35.085224347457164,42.38156883641556
2023-03-12T02:00:00+01:00,9.91754066863847,5.114431321765584,117.93416905327913,32.874083907955054,41.92208980504408
2023-03-12T03:00:00+01:00,10.011745838808542,5.053697556633939,117.76935165780516,29.192922296437054,42.638823432016565
2023-03-12T04:00:00+01:00,9.775318441694434,5.074352004309763,117.5312042033391,28.782328925002528,42.03340651981453
2023-03-12T05:00:00+01:00,10.069204118432532,5.050711587414622,118.67388728401367,32.71248577325525,42.445643962030694
2023-03-12T06:00:00+01:00,13.602195656653038,6.349846654304739,125.39435755300406,35.45100633605519,42.92739872297288
2023-03-12T07:00:00+01:00,16.09621711047778,8.448323976166122,155.76029639293228,40.99848435445207,45.25052363889211
2023-03-12T08:00:00+01:00,17.26968248979157,9.210483858138597,184.06049233174494,53.189051855053926,46.80127820295558
2023-03-12T09:00:00+01:00,17.46702568467171,10.424588941459524,215.6482757103437,65.20452365625546,47.38887281074042
2023-03-12T10:00:00+01:00,17.455435920289187,10.264314322142392,215.31907044289426,65.4878172285078,47.110462708456865
2023-03-12T11:00:00+01:00,17.06729025750357,9.707351108201046,203.86450846640398,65.06146624222865,46.59377986811495
2023-03-12T12:00:00+01:00,16.839854190650694,9.38323737041191,194.75782427266935,63.40238614572674,47.04617447003676
2023-03-12T13:00:00+01:00,16.612819563881153,8.553260465794667,185.57734294274212,62.809899365147814,47.033583708171356
2023-03-12T14:00:00+01:00,16.183563306861185,8.338936497951071,175.5767779884822,60.60722249059787,47.14883208080829
2023-03-12T15:00:00+01:00,15.644598034651375,7.706935105947608,169.86040878005235,55.11420300587401,45.39732340353267
2023-03-12T16:00:00+01:00,14.939277082749328,7.361327340383132,167.33978949363322,52.34389430486538,45.209012532316216
2023-03-12T17:00:00+01:00,14.82269103312768,7.6518709497327215,170.6540050258168,52.4492555868546,44.829537220469284
2023-03-12T18:00:00+01:00,15.656242593861045,8.242667060122114,178.0569388739052,53.73062274061826,44.61534756132285
2023-03-12T19:00:00+01:00,16.91652134819156,8.642274085443795,182.8955569589073,58.411900229418784,45.17639304921811
2023-03-12T20:00:00+01:00,16.000803117031527,8.519097444641135,185.0176232628031,56.36980589975566,44.922267336120335
2023-03-12T21:00:00+01:00,14.053391112204224,7.648822753330581,171.01243094228212,52.85364926443026,43.232156334105404
2023-03-12T22:00:00+01:00,14.244056921399173,6.8716583822354975,156.00858384461858,47.32099908663112,42.8492727910992
2023-03-12T23:00:00+01:00,31.397940053118756,6.1287759347183535,145.08288317923885,45.06555267892489,43.519014281204896
2023-03-13T00:00:00+01:00,9.820523971823548,5.457481250382229,131.74551632568986,40.09585753777582,44.29710446946118
2023-03-13T01:00:00+01:00,9.328401732464432,5.102865122837737,119.84364364415156,35.37220133922954,43.17308785495792
2023-03-13T02:00:00+01:00,10.474168208847809,5.102865122837737,117.43144764343072,31.76500982249677,42.57744385137443
2023-03-13T03:00:00+01:00,10.12333276727266,4.960688907999479,117.35094975514552,28.39463489398817,43.97069320598137
2023-03-13T04:00:00+01:00,10.033013923219649,5.035946131842568,117.56292029661523,28.592168950451473,43.840779082967785
2023-03-13T05:00:00+01:00,10.711836070419606,5.319818958938317,121.42302666259062,33.45633260157444,44.82345361777778
2023-03-13T06:00:00+01:00,14.628100885545228,6.879986832689727,156.74465995672944,40.41470005253558,48.01147424824798
2023-03-13T07:00:00+01:00,19.09737561943376,9.208049981070761,206.05554383828112,57.24625760236355,52.97563182432003
2023-03-13T08:00:00+01:00,19.635726273206128,9.313285442447093,206.69054278859957,62.90188036952389,57.01547003125677
2023-03-13T09:00:00+01:00,19.848702081351288,9.360122324450701,198.75546966120953,67.13443838497439,56.72933449945019
2023-03-13T10:00:00+01:00,20.270941273592907,8.875357322277075,188.89774476782077,65.9365516252333,57.24005647626
2023-03-13T11:00:00+01:00,19.90474377600441,8.574016690736041,182.45303687538453,64.85171975549574,58.17988156337674
2023-03-13T12:00:00+01:00,19.978020310600357,8.410139874236512,180.10305900682738,63.43904964386713,58.11949810566224
2023-03-13T13:00:00+01:00,20.3022629430614,7.824838481294278,180.07987720011548,63.35962063195661,58.08336650973764
2023-03-13T14:00:00+01:00,20.22547937814342,7.523337061234406,173.3079702668507,60.66237606397824,59.04227841389002
2023-03-13T15:00:00+01:00,19.907805877885323,7.329749281568916,166.82149800768875,57.000015449197235,58.03614415101056
2023-03-13T16:00:00+01:00,17.946239002266875,7.237157622657279,166.66064863456077,56.12799033421186,56.77782579695947
2023-03-13T17:00:00+01:00,16.781257227760833,7.6333128084170525,168.87133089682624,54.82596591495249,52.64831815940846
2023-03-13T18:00:00+01:00,16.814386014217888,8.058501542362125,176.4576929188751,56.50689698202719,51.683455635532006
2023-03-13T19:00:00+01:00,17.32425187902695,8.652939927194307,187.50062671225442,60.56783125070356,50.44993885611125
2023-03-13T20:00:00+01:00,17.045124388494305,8.340204906069324,188.995361227018,58.929278594206735,49.55150346180508
2023-03-13T21:00:00+01:00,14.587815989328323,7.650689583202586,173.78580853503263,57.128950797650795,47.742726135556964
2023-03-13T22:00:00+01:00,13.662738900363907,6.611339611942309,156.46348738779633,50.54449093524349,45.951180206513335
2023-03-13T23:00:00+01:00,11.048520104221629,5.959766548622324,144.6370112781764,45.64627216894543,45.8821688472193
2023-03-14T00:00:00+01:00,10.122751806749013,5.515460478474696,131.58320096360055,39.66101176835243,45.10691096789335
2023-03-14T01:00:00+01:00,34.82062834874354,5.181675413979136,120.40918241450697,35.43790651159618,44.13240434183787
2023-03-14T02:00:00+01:00,10.780625821964918,5.1085318453914494,118.34485742911085,31.759321102210702,43.0089696360038
2023-03-14T03:00:00+01:00,10.993431315621464,5.069009166842645,118.45289575979749,29.262481162978265,44.34314051153931
2023-03-14T04:00:00+01:00,10.650711174409226,5.115800070148406,118.67815034015192,29.137126799784493,44.35808239108187
2023-03-14T05:00:00+01:00,11.376586825233597,5.398892610499887,122.17811487558444,34.06357274562852,45.03178434043189
2023-03-14T06:00:00+01:00,15.323832298106419,6.855289654747577,156.45422620661807,40.79150067335552,48.431784101837785
2023-03-14T07:00:00+01:00,19.457811734489443,9.437314628003326,208.49943604609481,59.28764690578545,53.0047283812351
2023-03-14T08:00:00+01:00,20.72185681063055,9.307129853755152,207.96330453529475,65.22510023635392,56.765061101451536
2023-03-14T09:00:00+01:00,21.033775398250732,9.221890610227327,196.03350176509528,67.17852305605817,57.52933469674674
2023-03-14T10:00:00+01:00,21.208434405618,8.561939396875342,181.9485121617573,66.71779563562562,58.3123451974262
2023-03-14T11:00:00+01:00,20.951916076742148,8.482892159107474,178.20865111736072,65.59162043847272,59.01994869327345
2023-03-14T12:00:00+01:00,20.74522635851271,8.191777488488542,177.72140236245733,63.76546937547461,58.317354057183024
2023-03-14T13:00:00+01:00,19.94382293757202,7.5563560411637924,177.81981707738316,64.92683612296204,58.05126651028602
2023-03-14T14:00:00+01:00,20.13065138298719,7.604923849223074,171.74806665619616,60.957359451509895,58.34000534030513
2023-03-14T15:00:00+01:00,19.364101863407083,7.2350203154143,166.4459655091554,58.36376499565969,58.42334572920336
2023-03-14T16:00:00+01:00,18.256697762258515,7.1963904185312835,165.5860248306467,56.46964926467326,55.68158908209692
2023-03-14T17:00:00+01:00,17.06041006300288,7.430415185162095,168.26738856554803,56.94219828236943,52.64441350853854
2023-03-14T18:00:00+01:00,17.110077553665967,8.139558129675923,176.80039746237534,57.56547107768589,51.95657681033078
2023-03-14T19:00:00+01:00,18.211092831060004,8.671953447071958,188.05851301822784,61.87323129275976,50.84335730799682
2023-03-14T20:00:00+01:00,17.247632111336895,8.35668130078887,187.82718514053295,60.03447109929839,50.5304053733869
2023-03-14T21:00:00+01:00,14.299170971898178,7.492017296508294,174.08990258765024,58.16602556337104,46.64630050292885
2023-03-14T22:00:00+01:00,13.7972165506346,6.486043697098506,156.8862272392654,51.491686291407696,45.71503523560498
2023-03-14T23:00:00+01:00,11.611325531140196,5.743330527552935,144.36216534740277,45.81157212037839,45.45898741546722
2023-03-15T00:00:00+01:00,10.303547196315415,5.421900668744855,130.49813377095046,39.56811207863262,44.742639091693846
2023-03-15T01:00:00+01:00,8.155755032924844,5.0169074998407215,120.01676973757966,35.55734273652763,44.19609587393005
2023-03-15T02:00:00+01:00,10.21397229352871,5.029768687251038,117.994399329654,30.72639657289969,43.56117620047584
2023-03-15T03:00:00+01:00,10.2695179830062,5.024609522426527,118.0444145699329,28.620890006686256,44.53621256894415
2023-03-15T04:00:00+01:00,10.27576240292157,5.044798963663631,118.03838654884241,28.74699335836418,44.52080519725549
2023-03-15T05:00:00+01:00,10.836749769302367,5.406015638488851,122.54276527484114,34.2108443579498,44.95670097987071
2023-03-15T06:00:00+01:00,14.9962313287167,6.842574208285539,156.59693740830733,41.144066095279626,48.620221262072526
2023-03-15T07:00:00+01:00,19.212538405861554,9.649436686945942,209.1574625787741,58.56117537289739,53.055375001203345
2023-03-15T08:00:00+01:00,19.640560463083972,9.108335114751435,206.3314747010049,66.6680208614686,57.41497720178372
2023-03-15T09:00:00+01:00,19.842390011647584,9.082206920173945,197.19802142073954,67.4756059565141,58.14779663679673
2023-03-15T10:00:00+01:00,20.014953396254267,8.621382551451047,183.32109991861043,67.19222258930523,58.62831485475793
2023-03-15T11:00:00+01:00,19.814185292842353,8.433109968708298,177.25377715288832,66.03360753786713,59.09948258549478
2023-03-15T12:00:00+01:00,19.639860825623305,8.273661758080216,177.35895456817772,64.36915585343705,58.63744148868298
2023-03-15T13:00:00+01:00,19.558355093686004,7.754704760737313,177.43313203326417,65.61438500992621,58.75917608846215
2023-03-15T14:00:00+01:00,19.54975591485137,7.596126255176632,170.97712995562165,61.29563140122548,59.05588833747215
2023-03-15T15:00:00+01:00,18.917366878201605,7.357184991121735,166.780217818951,59.15827663125753,58.256309165245646
2023-03-15T16:00:00+01:00,17.875851486382345,7.369837913855541,165.5346314563652,57.177384682513456,56.64693677284027
2023-03-15T17:00:00+01:00,16.87576039040688,7.47199037307005,168.73714478586612,57.10073103978101,52.92987202425132
2023-03-15T18:00:00+01:00,16.62661119139634,8.188893017404975,177.4044654050417,58.15008784513171,52.20023005635996
2023-03-15T19:00:00+01:00,17.50730715835948,8.756617158770386,188.49030438956117,62.92615031388254,51.13025657750868
2023-03-15T20:00:00+01:00,17.00773186640715,8.594196908139974,188.15233550366224,61.15939273363369,51.14484300153049
2023-03-15T21:00:00+01:00,14.414596484694997,7.549080096028699,173.9520889646164,58.29844616449597,46.46382410904479
2023-03-15T22:00:00+01:00,13.596150642002492,6.563117352574765,155.99902799514896,50.97060950037037,46.02432962485146
2023-03-15T23:00:00+01:00,11.231206893439774,5.797613028256267,144.15098266727702,45.70636359927121,45.7378796501672
2023-03-16T00:00:00+01:00,10.003333845333248,5.4907550024994025,130.77521991520487,39.92040293075705,44.86015939767032
2023-03-16T01:00:00+01:00,10.008288370924726,5.120500132142206,120.04012256505574,35.72508066530385,44.62018240366317
2023-03-16T02:00:00+01:00,10.163008831137166,5.12231311572298,118.03018226940421,31.902777713573283,43.63242811377203
2023-03-16T03:00:00+01:00,10.18140206541969,5.035492332373561,117.96919835297126,29.55492027248454,44.533268331709486
2023-03-16T04:00:00+01:00,10.246433426723062,5.054191789028003,118.12061217992786,29.55370411164653,44.61827515347145
2023-03-16T05:00:00+01:00,10.911044236500832,5.438459836653063,122.68766454968171,34.740779190067265,45.0925814828356
2023-03-16T06:00:00+01:00,15.007101794456343,6.875018406449751,156.4673410228569,43.23352252105998,48.58745554141173
2023-03-16T07:00:00+01:00,18.939036689971942,9.713481332551744,210.04204535504192,59.18785860752083,53.11962500845633
2023-03-16T08:00:00+01:00,19.584068112149158,9.269474977387544,208.17804659875807,67.66373182262399,58.06163598113431
2023-03-16T09:00:00+01:00,19.611557332210015,8.98316771273588,198.6843838041145,67.52870281697004,58.55203776586464
2023-03-16T10:00:00+01:00,19.738881011245176,8.655392673759332,183.37454192271127,67.08136839110702,58.8969703326379
2023-03-16T11:00:00+01:00,19.46165657019446,8.431993459954127,177.3745379370632,66.02387430093633,59.389661679306705
2023-03-16T12:00:00+01:00,19.29524247655587,8.162503641484133,177.3514022008752,65.31880606237645,58.7703154080346
2023-03-16T13:00:00+01:00,19.15443896290986,7.707240367047326,177.1782279245356,65.76962239391142,58.65575072417151
2023-03-16T14:00:00+01:00,19.134196007520917,7.616090998099644,170.53531685387424,63.61202567666274,58.735802574173235
2023-03-16T15:00:00+01:00,18.734807045906933,7.394600890776658,166.28076250343375,59.616796059808145,58.555291673377525
2023-03-16T16:00:00+01:00,17.69037230159992,7.373434647591597,165.69703643171826,58.06073965891797,57.019343681609264
2023-03-16T17:00:00+01:00,17.032915951960394,7.47740009038688,168.59545370204165,57.7161298124914,53.077448870412724
2023-03-16T18:00:00+01:00,16.813681558493858,8.205775012941638,175.62989539952005,58.125388272712335,51.80599359559564
2023-03-16T19:00:00+01:00,17.448706979827264,8.645584374870536,187.17997241385322,62.93423662684275,51.681379742478214
2023-03-16T20:00:00+01:00,16.918772865365444,8.46327223320346,186.9892116488347,61.05719402109028,51.281374250321576
2023-03-16T21:00:00+01:00,14.050174712404898,7.633287469722452,173.1637891705536,58.301163042544474,46.71375634439176
2023-03-16T22:00:00+01:00,13.3674431536588,6.553565010656139,155.41895439730453,50.899343060783984,46.09589192063562
2023-03-16T23:00:00+01:00,11.40797143745861,5.798667392681473,144.09797776305373,46.65501161370215,45.38336458025813
2023-03-17T00:00:00+01:00,10.040375476607064,5.502026619630029,131.67483746020667,39.48098783467124,44.49187189601608
2023-03-17T01:00:00+01:00,9.159629173345737,5.130172530281873,120.33979193100402,35.71573616707066,44.41972868218868
2023-03-17T02:00:00+01:00,10.080563954828081,5.124382672524338,118.03039955368592,32.36703645383265,43.512339992851395
2023-03-17T03:00:00+01:00,10.051317251747918,5.111665935407455,117.94405802897938,28.668497452718885,44.262960826679226
2023-03-17T04:00:00+01:00,10.105146551612025,5.130365392061897,118.03284795603025,29.20031194718878,44.35468790128102
2023-03-17T05:00:00+01:00,10.5166860405063,5.391963846555219,123.41839095628963,34.50719426375829,44.75377919362567
2023-03-17T06:00:00+01:00,14.579181371491202,6.805267147255294,155.92351118815733,45.16073685028426,48.09222331808249
2023-03-17T07:00:00+01:00,18.815747164721788,9.89412922546004,209.33362682593977,58.99743894930334,52.79785951993407
2023-03-17T08:00:00+01:00,19.42508855819596,9.420561569612072,208.04177544515707,67.48904954868259,57.57154274780131
2023-03-17T09:00:00+01:00,19.50733139098327,8.879018567524335,199.75305691763984,67.46197251014358,58.41643446474594
2023-03-17T10:00:00+01:00,19.42202069521344,8.718927692371526,185.07788777208964,67.0897045554458,58.56146490747752
2023-03-17T11:00:00+01:00,19.126986761065275,8.441839759696027,177.7013843340409,66.4134485711539,58.74948290392489
2023-03-17T12:00:00+01:00,18.98746219652693,8.097788425766003,177.64394189836125,65.99450114261859,58.65646659956905
2023-03-17T13:00:00+01:00,19.079674641338926,7.845333906798098,177.0310883114586,65.66354496117805,58.985249902957285
2023-03-17T14:00:00+01:00,19.037239056754792,7.640504584571464,171.61340146365433,63.60525511923646,58.58823114372815
2023-03-17T15:00:00+01:00,18.58965677634826,7.405692498425249,168.40972036649276,60.04667390889074,58.109817282438435
2023-03-17T16:00:00+01:00,17.815007728414432,7.382774007058142,167.044021752776,58.268123349657166,56.322903418925506
2023-03-17T17:00:00+01:00,16.839804596699498,7.555012983572091,169.69236330392468,57.10864017707444,52.497329692894276
2023-03-17T18:00:00+01:00,16.252144888164132,8.172787742324982,174.82352000679475,57.872046460873534,51.02679229761415
2023-03-17T19:00:00+01:00,16.856702818039686,8.466070020890752,183.77437633617873,62.32498391865012,50.76212117911594
2023-03-17T20:00:00+01:00,16.779030722587468,8.36146285068141,183.665631801203,59.648387987656825,50.50736616816452
2023-03-17T21:00:00+01:00,14.22124003671526,7.496204690143962,168.44563128164953,57.06042616130302,46.433055166311235
2023-03-17T22:00:00+01:00,13.222597763321835,6.522379492034242,154.09632605437508,49.21029117168267,45.56990936395868
2023-03-17T23:00:00+01:00,11.219997002798161,5.789033402054681,143.61803435535938,46.43281157821235,45.338412831253855
2023-03-18T00:00:00+01:00,9.898743506906563,5.523626476529908,131.58228617908213,39.451848454812655,43.40822274709613
2023-03-18T01:00:00+01:00,9.56509374634965,5.144356693428192,120.02429312048118,35.43936382864913,43.030782352632194
2023-03-18T02:00:00+01:00,10.069261963282054,5.1295839441374556,117.74160089123137,33.04490186145466,42.819277479544375
2023-03-18T03:00:00+01:00,10.062855277827646,5.034707832197419,117.73170570205347,28.998386174523826,43.136236764993946
2023-03-18T04:00:00+01:00,10.075174970549813,5.005261406641277,117.54442815969269,28.913919813559183,42.853449758572644
2023-03-18T05:00:00+01:00,10.26007087337376,5.192371456353419,120.62870730226564,34.25861890436084,43.13006934429635
2023-03-18T06:00:00+01:00,13.890877274674073,6.402175918765695,133.42626509321926,40.52630820090984,44.17368523319117
2023-03-18T07:00:00+01:00,16.88760561983544,9.14232848772195,169.5906843828263,50.39467472603056,47.955286154268926
2023-03-18T08:00:00+01:00,18.160718851635842,9.791831888039455,201.16004067056076,63.33326752983926,50.60832602559863
2023-03-18T09:00:00+01:00,18.244862796286448,10.059345651828057,215.40008892726178,67.28953697990121,50.94265346788742
2023-03-18T10:00:00+01:00,18.16208115276301,9.678115669980178,211.54550798090685,66.9524588297584,50.91253484647498
2023-03-18T11:00:00+01:00,17.863079708059022,9.063328232588834,194.69330132497316,66.23676357590767,51.01765467528748
2023-03-18T12:00:00+01:00,17.758975608697444,8.653934815553356,188.92828760161757,65.60141427925869,51.34932613839999
2023-03-18T13:00:00+01:00,17.769672595634663,8.421183724408285,187.12757412438162,65.42796456742533,51.47167341630815
2023-03-18T14:00:00+01:00,17.265402697031405,8.297810257004949,175.53448731276677,63.78232547474658,50.723434644136454
2023-03-18T15:00:00+01:00,17.032127711884716,7.704953509893589,169.84213329111856,58.15976886019378,48.91317715310434
2023-03-18T16:00:00+01:00,16.644284701125816,7.400284234527856,169.20824473262763,55.38728723251221,48.05897931364958
2023-03-18T17:00:00+01:00,16.248577223943123,7.659610641869338,171.22199378542248,54.277397599628245,47.218473938896175
2023-03-18T18:00:00+01:00,15.537958678647705,8.15794498454656,174.88917392984942,55.08640668716135,45.57114463757041
2023-03-18T19:00:00+01:00,16.37609166973679,8.37024873290916,178.15905815301244,59.41921746825268,44.587173478254044
2023-03-18T20:00:00+01:00,16.347146451579867,8.30200608060997,175.53227879027688,56.273339332595846,43.51835456739578
2023-03-18T21:00:00+01:00,13.904507147256902,7.3757502964674835,163.513819493217,52.86551376553882,42.89416301820667
2023-03-18T22:00:00+01:00,13.141187248403295,6.563508456467145,151.09599559546055,47.006795448842155,42.41268477391598
2023-03-18T23:00:00+01:00,11.63334027351701,5.834724520020195,143.58069525212161,44.385274491457515,42.41880595121077
2023-03-19T00:00:00+01:00,9.901351071169264,5.604502650411137,134.0934611793109,39.473009787390225,42.70772362403597
2023-03-19T01:00:00+01:00,9.295775294674584,5.176024172600306,121.4815553402909,35.73888207391149,42.47938147801201
2023-03-19T02:00:00+01:00,9.90142209739279,5.160968783108885,118.07776971375739,33.61699689182036,42.18933514653677
2023-03-19T03:00:00+01:00,10.051707936569368,5.148252045992002,117.78972853995583,29.1584161810093,42.55617750306494
2023-03-19T04:00:00+01:00,9.920800361273434,5.1118250849818265,117.5950048124022,28.806941302230005,42.40827993156802
2023-03-19T05:00:00+01:00,9.95310859916996,5.052809743400002,118.74973453011884,33.70372339218211,42.49894004327807
2023-03-19T06:00:00+01:00,13.532141577062692,6.178245553117848,126.47538495908593,37.50825089392297,43.08922462492631
2023-03-19T07:00:00+01:00,16.161588382758243,8.481576513144088,156.06293960780374,43.45056416590349,44.217637242007584
2023-03-19T08:00:00+01:00,17.22871158757346,9.472599390556363,188.4077556789609,56.034041481342676,46.64511861113424
2023-03-19T09:00:00+01:00,17.45962280189649,10.48429730453167,214.77652639254032,65.74691986420295,47.247060875186754
2023-03-19T10:00:00+01:00,17.462588654577658,10.380845060207749,216.26461258355997,65.98581011255041,47.144531633980144
2023-03-19T11:00:00+01:00,17.219119391517815,9.733798530365203,205.34339826046383,65.17399335841272,46.85385922227004
2023-03-19T12:00:00+01:00,17.076938249965373,9.326709739002494,192.59322400563275,63.935711531591636,47.32736761391078
2023-03-19T13:00:00+01:00,16.9136116152887,8.613679264231248,184.4633009273689,63.48535882702746,47.15683553221109
2023-03-19T14:00:00+01:00,16.48151605517116,8.363639736081138,175.23017319525815,61.19297689311422,47.0715173937393
2023-03-19T15:00:00+01:00,16.136656575679577,7.7024973136387755,169.05662556565528,56.158913458684246,45.344802275808966
2023-03-19T16:00:00+01:00,15.605337467515788,7.4084506157689525,168.16602594004166,53.3166459086407,45.03351869753558
2023-03-19T17:00:00+01:00,15.264726886477934,7.599207018560555,170.23887279622383,52.85806037300577,44.97160617510758
2023-03-19T18:00:00+01:00,15.525543421844123,8.194059466837036,177.4072933906109,53.924378907874136,44.6864515252219
2023-03-19T19:00:00+01:00,16.59566781781466,8.638923448139002,182.16993586309422,58.58980044598038,45.01507989317512
2023-03-19T20:00:00+01:00,16.431275073858245,8.55116600691681,183.82231844771746,55.99527183872893,44.212310371014446
2023-03-19T21:00:00+01:00,14.053205218754776,7.607768529571036,171.0457507529211,53.00182063483489,43.653826886554256
2023-03-19T22:00:00+01:00,13.64395795199579,6.848329164261044,155.738337879295,47.81309871954763,42.840398172469875
2023-03-19T23:00:00+01:00,30.398894082494262,6.0901867923253885,145.0926813848993,45.56347043559156,43.03171325332902
2023-03-20T00:00:00+01:00,9.799470293511721,5.498530874217395,131.64621154027634,40.49057471501082,43.756156446976135
2023-03-20T01:00:00+01:00,9.40807577049747,5.080300611504966,119.86550632449008,36.415379523118254,43.139463380960336
2023-03-20T02:00:00+01:00,9.980758769155297,5.053818682534773,117.27936786849159,33.4364112620637,42.775116931913274
2023-03-20T03:00:00+01:00,10.099062853265188,5.009753613317774,117.66886000631294,28.247159002429424,43.29873822787292
2023-03-20T04:00:00+01:00,10.0843772535995,5.111923704519729,117.71086204549452,28.542662991100993,43.42749213588122
2023-03-20T05:00:00+01:00,10.399925248760487,5.249185191194634,120.78814985902802,35.203759321120046,44.2696244045281
2023-03-20T06:00:00+01:00,14.145076877012567,6.5499011728974414,157.74807954146283,42.23094165204537,47.63332347632358
2023-03-20T07:00:00+01:00,18.782924276351867,9.213788001434992,204.80961313538384,57.03113568818812,53.11061445584756
2023-03-20T08:00:00+01:00,19.47456317344474,9.494370763007254,206.3819726521721,62.870839591907284,57.418564533653864
2023-03-20T09:00:00+01:00,19.627650669692684,9.381105967720828,196.8803204171233,66.258952822057,57.18284598875022
2023-03-20T10:00:00+01:00,20.173851418973864,9.027759946822673,189.5318230043277,65.61613483133833,58.32427440899621
2023-03-20T11:00:00+01:00,19.802555621792965,8.649937422941516,183.53961487093403,64.46177361949002,58.24521228849804
2023-03-20T12:00:00+01:00,19.675833477253782,8.347330376970142,180.71635565255443,63.14239495556617,58.212808083999576
2023-03-20T13:00:00+01:00,20.0763733384308,7.887218227291227,180.1402093917733,63.036845625574216,58.77108789111113
2023-03-20T14:00:00+01:00,20.26760516632952,7.597825096521353,173.44973805301885,61.343176426616324,58.50968395187057
2023-03-20T15:00:00+01:00,19.509772843624905,7.330057290412234,166.34332287493385,57.81419042296244,57.81119581228264
2023-03-20T16:00:00+01:00,18.574166638590675,7.188465094503329,166.3263368884632,56.42138329627737,56.75176864757626
2023-03-20T17:00:00+01:00,16.88830367945161,7.52545032919431,168.80689205646084,55.04578799544219,52.648718570753665
2023-03-20T18:00:00+01:00,16.563230176555173,7.976755636932934,175.57217399537902,55.93568623979699,51.36321649463161
2023-03-20T19:00:00+01:00,17.289128972417004,8.576021626560562,186.8325804395774,59.736907193149214,49.80533979423022
2023-03-20T20:00:00+01:00,16.973168437552925,8.45663693704509,187.50714632928825,58.35008654773965,48.81315772660733
2023-03-20T21:00:00+01:00,14.327318694211325,7.545556852799836,173.06119034407533,56.42294219767919,46.610250466997364
2023-03-20T22:00:00+01:00,13.187760363267667,6.519220054065148,156.59751045738489,50.58245736832806,45.60321439171463
2023-03-20T23:00:00+01:00,11.475874056930456,5.875637020539352,144.3194726986883,46.58315438698371,45.500996852203265
2023-03-21T00:00:00+01:00,9.843292610808367,5.446320450384275,131.15225183968082,40.32491510551973,44.25661164937839
2023-03-21T01:00:00+01:00,34.049167890579035,5.019835828354628,120.06341140575526,36.35774820491286,43.64478931576191
2023-03-21T02:00:00+01:00,10.201905480659336,5.01895737120324,118.07462568337618,33.1957406986463,43.239768497271214
2023-03-21T03:00:00+01:00,10.446558527441743,5.007658135211512,118.07680532527488,29.007203205163083,43.72101357573917
2023-03-21T04:00:00+01:00,10.352350751786709,5.035764132711906,118.28438608962703,29.003953015236142,43.787750749551904
2023-03-21T05:00:00+01:00,10.62726054164211,5.169052229540896,121.43302172445146,35.86857679001818,45.10571805582352
2023-03-21T06:00:00+01:00,14.460484748980571,6.525063802734678,157.87172659254188,43.384046399894835,48.043750643836816
2023-03-21T07:00:00+01:00,19.189859773029944,9.389468805791083,205.30915154184797,58.59059850862735,53.042050246643655
2023-03-21T08:00:00+01:00,20.701250680894454,9.358834369509296,206.894716341289,64.86757386660575,57.18339101184649
2023-03-21T09:00:00+01:00,20.947383458566257,9.254148629983035,195.18260174587735,66.28089327169468,57.87222510435541
2023-03-21T10:00:00+01:00,20.979724956516407,8.720548622145222,183.0272923807599,65.85970026169292,58.226441916210604
2023-03-21T11:00:00+01:00,20.86406871266984,8.5031282964938,178.31325910555623,64.9355706527085,58.77796601139508
2023-03-21T12:00:00+01:00,20.876250241860536,8.167730675006048,178.33189587650216,63.56883722425257,58.48187479800332
2023-03-21T13:00:00+01:00,20.672679133798667,7.707071434633101,178.69185753075962,64.51308495050885,58.764435069127515
2023-03-21T14:00:00+01:00,20.17281169162133,7.59329013607874,171.40975861312214,62.10319417467774,58.40065043385216
2023-03-21T15:00:00+01:00,19.50805974728536,7.230528000148265,166.3508818694008,58.295502771607595,57.537576179858426
2023-03-21T16:00:00+01:00,19.117910793560956,7.265074528053438,165.37278369132545,56.87021291412833,55.76312399346105
2023-03-21T17:00:00+01:00,17.152744460995184,7.516970103247841,168.32009436538928,57.053185680127484,53.28649924926665
2023-03-21T18:00:00+01:00,17.06398029450006,8.003100721161557,175.2062163117835,57.04207881010399,52.512778162788486
2023-03-21T19:00:00+01:00,17.900838319140796,8.741715835123893,187.65280005874976,60.549268064200895,50.41273555514298
2023-03-21T20:00:00+01:00,17.40163353989186,8.525347831946284,187.91391812451369,59.53548725611993,49.54286766670797
2023-03-21T21:00:00+01:00,14.412319876851562,7.550286086624846,172.89645054519195,57.40140802909172,46.334269379278055
2023-03-21T22:00:00+01:00,13.482804722622262,6.5358889899284245,155.85156893242976,51.496502553174444,45.58188962288984
2023-03-21T23:00:00+01:00,11.894430332707941,5.841017935631832,144.06053034132592,46.17716453685995,45.46962961730902
2023-03-22T00:00:00+01:00,10.217695476823549,5.460757919720479,130.30558903617222,40.319207066143996,44.49118228365395
2023-03-22T01:00:00+01:00,8.436703761621937,5.072925785265695,119.62266452135634,36.47010624821661,43.65308169804078
2023-03-22T02:00:00+01:00,10.048567760723738,5.080981113856313,117.51014724114272,32.74483817414481,43.65928194962813
2023-03-22T03:00:00+01:00,10.05424425788938,5.06826437673943,117.50310147251524,28.46349005194464,44.17714913295123
2023-03-22T04:00:00+01:00,10.08051848398251,5.050927966356737,117.7017616783562,28.606728012206453,44.265273819019534
2023-03-22T05:00:00+01:00,10.449057996272694,5.146158906306061,121.85169146316181,35.826511285620185,44.92551206750811
2023-03-22T06:00:00+01:00,14.438514075054936,6.693830356505671,157.04440450317216,43.9714072871757,47.93695027475721
2023-03-22T07:00:00+01:00,19.16731253843904,9.671124692921765,209.8250950306052,58.90116485699475,53.325144761849494
2023-03-22T08:00:00+01:00,19.921029380031463,9.338472865131648,208.22805143498817,66.99379678876151,58.32000387831057
2023-03-22T09:00:00+01:00,19.779823932931823,9.185379840760847,196.698934023414,67.03746467874025,58.42430198014273
2023-03-22T10:00:00+01:00,19.93974208822485,8.658860145404235,182.83561048238417,66.77131020282441,58.86026803950883
2023-03-22T11:00:00+01:00,19.695115940836736,8.36515830903174,177.15544005685126,65.83640707428107,58.894347237124016
2023-03-22T12:00:00+01:00,19.57285320674394,8.189588364632256,178.20893543832,65.27958618528245,58.806158798915575
2023-03-22T13:00:00+01:00,19.546492897872294,7.7214710690619,178.11287165538516,65.54736510060872,59.0353342411842
2023-03-22T14:00:00+01:00,19.4576392524633,7.621793666184322,170.6490768011544,63.00830540965404,58.78391802988155
2023-03-22T15:00:00+01:00,18.774527853052856,7.308104639422149,166.58813475104478,59.44559934734812,58.09024118256752
2023-03-22T16:00:00+01:00,18.211422800913088,7.313668727150385,165.30128253665637,57.873070206070274,56.67537637497738
2023-03-22T17:00:00+01:00,16.867209117038687,7.436922479634416,168.62723509967364,57.14939750551432,53.10878611559809
2023-03-22T18:00:00+01:00,16.433755894131554,8.042562103789903,176.34495223073174,57.77941719269823,52.37942507762453
2023-03-22T19:00:00+01:00,17.413817929461047,8.829390625954511,188.2567017173901,62.3619797758195,50.78563463454511
2023-03-22T20:00:00+01:00,16.786256547712483,8.532736254114747,188.4114251159796,60.96771858720213,50.39486151002917
2023-03-22T21:00:00+01:00,13.979465023091352,7.608534798706469,172.53192591795369,57.682079841434444,46.64831689122774
2023-03-22T22:00:00+01:00,13.011620133579958,6.511385102040884,155.83074844817867,51.076067273454896,45.7551813142026
2023-03-22T23:00:00+01:00,11.329427922948343,5.74446327659723,144.02519634751047,46.23132948109981,45.569793865364396
2023-03-23T00:00:00+01:00,9.949335617243587,5.392917991217579,130.62922337814797,40.44184669644541,44.579325376338
2023-03-23T01:00:00+01:00,9.929933396030552,5.0792002644991365,120.01591714657542,36.388051292441986,43.80285606413196
2023-03-23T02:00:00+01:00,10.008069527877451,5.0792002644991365,117.86646443028684,32.92114415535516,43.78074060614147
2023-03-23T03:00:00+01:00,10.0553752012302,5.03810249982208,117.86798723313696,28.782596944960744,44.25155739572163
2023-03-23T04:00:00+01:00,10.008280017303615,5.078834990186682,118.04453792173977,29.039747763303865,44.57863531659274
2023-03-23T05:00:00+01:00,10.467130176408453,5.120888047173316,122.59701537269939,36.03805862884528,45.02333243207778
2023-03-23T06:00:00+01:00,14.578910034381417,6.751663541814942,156.7658627090518,48.23414518974941,47.860733913994686
2023-03-23T07:00:00+01:00,18.9038391670688,9.802994233225373,211.29836671518623,59.55203524908331,53.455651476355236
2023-03-23T08:00:00+01:00,19.56695055336147,9.47268454428098,208.09674616201164,66.96542327983558,57.63029624940957
2023-03-23T09:00:00+01:00,19.50660007669403,9.175280221521634,197.85206025689223,67.20455773829906,58.53594492932833
2023-03-23T10:00:00+01:00,19.572030038837966,8.634508220706357,181.9581184273769,66.69475571627834,58.881874437911335
2023-03-23T11:00:00+01:00,19.302309247686633,8.312906309174126,177.48764825381627,65.61911978560411,59.190608663187476
2023-03-23T12:00:00+01:00,19.211463678723106,8.136769987462433,177.34713827491305,65.31624789374504,58.76459900626586
2023-03-23T13:00:00+01:00,19.105176544704985,7.731339046410894,177.24295730057082,65.49030845867205,58.95654448416051
2023-03-23T14:00:00+01:00,19.124031511816106,7.65536712137959,170.17164357561842,63.550751436838645,58.734073398835996
2023-03-23T15:00:00+01:00,18.704900659163503,7.356230604865358,166.717204801229,59.443994039945764,58.268262174534705
2023-03-23T16:00:00+01:00,18.077845327475988,7.332957036839133,165.26198484390704,57.94148563695462,56.736184423056336
2023-03-23T17:00:00+01:00,16.96096917095557,7.444010306629764,168.1702972493776,57.44094772972724,53.07167009113696
2023-03-23T18:00:00+01:00,16.820666571910333,8.130149824436293,175.84059160699954,57.6406495894734,51.72658780308107
2023-03-23T19:00:00+01:00,17.000726597317637,8.561458378579687,186.26433357674406,61.98210416279655,51.23537341542917
2023-03-23T20:00:00+01:00,16.830867548506156,8.372996333422625,185.95990677926477,60.63143847119087,50.435975338775485
2023-03-23T21:00:00+01:00,14.13792535413184,7.514141909023869,171.16765037031274,57.23288874892372,46.53824248140421
2023-03-23T22:00:00+01:00,13.217959109318869,6.486655811921423,155.05098632828629,50.875999219511655,45.71376784445377
2023-03-23T23:00:00+01:00,11.441315665829636,5.734055920452071,143.8010301225571,46.16053190627953,45.31967330444494
2023-03-24T00:00:00+01:00,9.956821961554686,5.390613703858656,131.4134239915633,40.24799917271958,44.46417293480533
2023-03-24T01:00:00+01:00,9.106511882911231,5.067913085607011,119.71733449139477,36.34482624365719,44.13362346426266
2023-03-24T02:00:00+01:00,9.97527912092275,5.05285769611559,117.38050033307265,33.246640014363614,43.94964603223161
2023-03-24T03:00:00+01:00,9.888617387389735,4.987904597034839,117.46825364682806,28.494655460330964,44.208295133944304
2023-03-24T04:00:00+01:00,9.943377578920629,5.028058020853467,117.61378861931094,29.094083661706673,44.269670733232786
2023-03-24T05:00:00+01:00,10.04063296073834,5.094916363542542,122.2561013877489,35.90846776337633,44.743792228940684
2023-03-24T06:00:00+01:00,14.19637140896435,6.7087534976814025,156.75537579550652,47.892724102567485,47.22573097636008
2023-03-24T07:00:00+01:00,18.654704080081423,9.870688442691382,210.74161518255423,59.3154028998791,53.11120465082567
2023-03-24T08:00:00+01:00,19.2046141152792,9.523957025643606,207.6195448722389,67.17788187160947,57.86448122290019
2023-03-24T09:00:00+01:00,19.14015162123046,9.169865371489646,200.6219788060543,67.26473233051524,58.16868355836308
2023-03-24T10:00:00+01:00,19.083654211693876,8.67997455066063,183.33633187058302,66.84724240334529,58.61190300496637
2023-03-24T11:00:00+01:00,18.988937537578867,8.287530452737917,177.58660261801853,65.92323589802135,58.832493142915396
2023-03-24T12:00:00+01:00,18.768650929444142,8.129454909157943,177.1966889017375,65.71681167335069,58.4622785600911
2023-03-24T13:00:00+01:00,18.859020470741935,7.841989614439244,177.1813650634717,65.59536971112713,58.58432090388784
2023-03-24T14:00:00+01:00,18.80071794783614,7.610326285241272,171.0722356894855,64.15473455396504,58.34923275570956
2023-03-24T15:00:00+01:00,18.284108191531455,7.304259954173472,167.97289923138175,60.01610094068444,57.455312913509744
2023-03-24T16:00:00+01:00,17.95198878406521,7.270429188254807,167.11000912256674,57.856475850407264,55.72878119976121
2023-03-24T17:00:00+01:00,16.63783656380353,7.435119755749917,168.8914909823829,57.18820623897988,52.40551177638708
2023-03-24T18:00:00+01:00,16.163801875568062,8.035602292981348,174.75866376978513,57.3178833211821,51.22321798035882
2023-03-24T19:00:00+01:00,16.701338361801664,8.411794749623231,183.9219699360434,62.24370706142302,50.62234843042484
2023-03-24T20:00:00+01:00,16.45513075245351,8.196608182054955,182.4558535367978,59.29003558370813,49.52086325066362
2023-03-24T21:00:00+01:00,13.610755873631964,7.235021760819348,167.24274496450997,56.69755572651767,45.9830315419603
2023-03-24T22:00:00+01:00,12.830870365845099,6.409697626033911,153.4400100142849,50.04764652086307,45.524032288165294
2023-03-24T23:00:00+01:00,11.069564037072531,5.703351415785114,143.494779360838,46.10577245677662,45.03068749520773
2023-03-25T00:00:00+01:00,9.894726307336423,5.500661930013068,131.99059831544773,40.36742330320387,43.539324569598605
2023-03-25T01:00:00+01:00,9.509910310518856,5.162215166593312,120.39268608783253,36.487402265732975,43.38519770181249
2023-03-25T02:00:00+01:00,9.897034919045558,5.076664385632172,117.99518226945983,33.8307452924268,42.99076777756329
2023-03-25T03:00:00+01:00,9.839726686526792,5.063947648515288,117.99518226945983,28.69762922485718,43.24402744133969
2023-03-25T04:00:00+01:00,9.889470573591863,5.0362085576997515,117.30955765947093,28.55357526400897,42.81043330874786
2023-03-25T05:00:00+01:00,9.86533697868467,4.926927079158812,119.51870649921777,35.18978981618137,42.97367157393588
2023-03-25T06:00:00+01:00,13.59476829557028,6.409763255435101,134.57961218140878,45.86621526891131,43.95117775807296
2023-03-25T07:00:00+01:00,16.719162262748483,9.101221279816269,168.10466171534014,50.16489761479079,47.886766012314226
2023-03-25T08:00:00+01:00,17.76355482171061,9.766121461502385,202.01675466924743,61.6357557218284,50.393747161712724
2023-03-25T09:00:00+01:00,17.86959307835871,10.139500210141785,214.96457887657172,65.89144699586582,50.85616408422468
2023-03-25T10:00:00+01:00,17.83089454701248,9.61581233595021,212.43646879593132,65.8655647564004,50.768197100980764
2023-03-25T11:00:00+01:00,17.794419030746976,9.027878825109948,195.43131508952916,65.73939819282309,51.55792316026571
2023-03-25T12:00:00+01:00,17.638032178138435,8.620732617255184,189.08818527664602,64.98373096006361,51.16481666839333
2023-03-25T13:00:00+01:00,17.670629806300543,8.303023154049285,187.3054840747666,65.01740676034572,50.838719570769214
2023-03-25T14:00:00+01:00,17.000788733604352,8.037186830562453,175.6422742965181,63.29547355434453,49.8798114418086
2023-03-25T15:00:00+01:00,16.836809773055833,7.5560412249316125,170.32445727715364,58.052125879554545,48.82982551743442
2023-03-25T16:00:00+01:00,16.588329090903965,7.367179060580726,170.01261136157794,55.53110707058595,48.375559410455104
2023-03-25T17:00:00+01:00,16.161342664576217,7.538702155860379,170.69264532538327,54.36248253374318,47.54502827469221
2023-03-25T18:00:00+01:00,15.566463435920276,8.129744838541923,174.83862918632943,54.88087337929112,45.774473249860044
2023-03-25T19:00:00+01:00,16.200289469575143,8.336074729268304,178.78587844939182,58.87333085678211,44.62828704425917
2023-03-25T20:00:00+01:00,16.28376761108835,8.25402418595203,177.07995991832257,56.047253790105636,43.67586680948608
2023-03-25T21:00:00+01:00,13.33779651143185,7.252656787476019,163.7823540683356,52.58319674264169,42.875851173677034
2023-03-25T22:00:00+01:00,13.089523752852827,6.411205329209677,150.96338291261856,47.12263260253228,42.45714658517622
2023-03-25T23:00:00+01:00,11.462178969688763,5.780237763735268,143.517115949172,44.67810525870528,42.07140430621102
2023-03-26T00:00:00+01:00,9.821393946450508,5.530673271215525,133.9318649019528,40.01017971777191,42.601917978710716
2023-03-26T01:00:00+01:00,9.25840072868404,5.159420905952619,121.27433782703096,36.37232046759249,42.60069793735596
2023-03-26T03:00:00+02:00,9.749546135394201,5.131648779344315,117.81193633415869,34.24068737251056,42.48033198766973
2023-03-26T04:00:00+02:00,9.77421288415658,5.089319486571463,117.48360572294996,29.061485371504485,42.33719633385638
2023-03-26T05:00:00+02:00,9.6298519179562,4.965111241137729,117.2915571128296,28.530066706087204,42.142837834712665
2023-03-26T06:00:00+02:00,10.111089455446116,5.03122611180518,121.89912898511555,34.32322874293221,42.22388031406131
2023-03-26T07:00:00+02:00,13.548203543589272,6.3912082899566345,139.65575461991946,40.65925102385357,43.09188469784308
2023-03-26T08:00:00+02:00,16.604244059551036,9.001119188153456,160.1462177543571,46.44448466655423,45.54187122497779
2023-03-26T09:00:00+02:00,17.405087136074716,10.171539623537,197.3115378715259,60.00328969418286,47.159144928487976
2023-03-26T10:00:00+02:00,17.3606135724285,10.61418677934352,216.13249895596633,64.33585913797684,47.74285146703381
2023-03-26T11:00:00+02:00,17.29368184699539,10.248380605304279,212.8476854451808,64.02108687045931,47.38234804544104
2023-03-26T12:00:00+02:00,17.218051346102204,9.702025169208973,203.85839631381293,63.62633368293797,47.12640343685959
2023-03-26T13:00:00+02:00,16.996976588085886,8.911714306293925,190.07490770516392,61.82016881861336,47.059046865910354
2023-03-26T14:00:00+02:00,16.83215572258018,8.378366865946067,184.35545125390345,61.37558821398203,46.9682247721685
2023-03-26T15:00:00+02:00,16.122831112639183,8.006707107253977,173.64862718083205,59.940413704303445,46.604421281542606
2023-03-26T16:00:00+02:00,16.00137990923117,7.578458669265711,169.37799421382485,55.69679232705459,45.30024305649629
2023-03-26T17:00:00+02:00,15.948506049011653,7.341000698767692,169.74826204935857,53.23567461028808,45.431703603024786
2023-03-26T18:00:00+02:00,15.228259209846367,7.689909083972679,172.13238762441225,52.99009589134519,45.26930625642617
2023-03-26T19:00:00+02:00,15.534271986851095,8.374869288217718,179.57970051278699,53.83991148976695,45.26313128664529
2023-03-26T20:00:00+02:00,16.013034322822474,8.483681192209412,183.73473003004324,57.61988088144954,45.006454086495
2023-03-26T21:00:00+02:00,15.69191536582217,8.315102997205088,184.76463332541425,55.124024440656264,44.52053155653596
2023-03-26T22:00:00+02:00,13.27780354907988,7.351634122674807,170.33212110493417,52.18817694467715,43.086621623270915
2023-03-26T23:00:00+02:00,13.367163589968714,6.550048846740668,154.47024438644354,47.7315043832689,42.85721004307682
2023-03-27T00:00:00+02:00,29.08769137749493,5.6197903834442196,140.0413539462043,46.05572071954213,43.5603162705187
2023-03-27T01:00:00+02:00,9.665681594353641,5.382231299998446,130.97782449224945,41.05530110725074,43.906236209336654
2023-03-27T02:00:00+02:00,9.357273131831327,5.007262739692609,120.36061219762837,37.17802236444034,43.580985014456076
2023-03-27T03:00:00+02:00,9.838478790663329,5.007605245977782,118.10292725749207,34.761341128673344,43.224173075703185
2023-03-27T04:00:00+02:00,9.783686487619656,5.038740036513456,118.65666795268342,28.430871306136797,43.77154790026407
2023-03-27T05:00:00+02:00,9.960573176253863,5.219037452834095,119.50733998584617,28.99549390717646,43.77096039550128
2023-03-27T06:00:00+02:00,11.070605435312986,5.462689678684758,130.51037429621704,37.18836590539276,45.51050745807705
2023-03-27T07:00:00+02:00,14.928858146431471,7.099121916445875,168.7625530349608,49.080306862791545,50.04035758209632
2023-03-27T08:00:00+02:00,18.989358516675072,9.265427639780448,205.67051495307513,60.341017098049306,54.999651322869035
2023-03-27T09:00:00+02:00,19.494800860373854,9.533982854778994,201.79283167083386,62.75614377785251,57.29074272987862
2023-03-27T10:00:00+02:00,19.907936374014866,9.337107811374976,196.24813236254286,64.06604457648407,57.9874232233408
2023-03-27T11:00:00+02:00,19.720441879753064,9.01298515745449,188.03537667915646,63.003260431028124,57.866742988552225
2023-03-27T12:00:00+02:00,19.69074590758944,8.624553227084121,182.2941542280365,62.96513767189259,58.28698118010266
2023-03-27T13:00:00+02:00,19.74356249528317,8.07586676777476,180.56627950698783,62.11982826852093,58.4668101668253
2023-03-27T14:00:00+02:00,19.771438513793424,7.836322962565892,179.8209437927709,61.97858004518937,58.61265275329248
2023-03-27T15:00:00+02:00,19.281737258100225,7.504304893675615,172.10500070000018,60.32136086769566,58.16834428430278
2023-03-27T16:00:00+02:00,18.714400102327424,7.360207680303569,167.9845909662287,57.36079305041371,57.21464672832407
2023-03-27T17:00:00+02:00,18.11798623698157,7.230190333154218,167.72752957172338,55.90555292930556,55.15583352610002
2023-03-27T18:00:00+02:00,16.828967559208344,7.442357861580702,169.99076340312612,54.94563385431515,51.87176698767824
2023-03-27T19:00:00+02:00,16.760620384071753,8.335338900290804,179.43520039453344,56.656979791851,51.632789856819386
2023-03-27T20:00:00+02:00,17.069673249860976,8.53856320704894,187.86376822150498,58.88210027396389,49.22190093260841
2023-03-27T21:00:00+02:00,16.6604875364818,8.218536463236706,187.52775852932157,56.785657600802885,48.30309116660478
2023-03-27T22:00:00+02:00,13.516466791227959,7.298005871362077,171.7383450862819,55.052227936847295,46.27891383539944
2023-03-27T23:00:00+02:00,12.992153417302783,6.446852534911572,154.5523422653051,50.528777198187015,45.64157251892942
2023-03-28T00:00:00+02:00,11.833993306661325,5.593699029487663,137.0221897354504,45.48602113352424,44.152425154827064
2023-03-28T01:00:00+02:00,9.820783241258887,5.436112736834654,130.29394964021287,41.41145530928359,44.35132624090392
2023-03-28T02:00:00+02:00,34.19576602945671,5.131744345352537,120.38697793935101,37.08932546314219,43.88806088215364
2023-03-28T03:00:00+02:00,10.025691484490306,5.136003341393021,118.23983778243726,34.65006861757042,43.77976908620089
2023-03-28T04:00:00+02:00,10.142213665896536,5.139158691255093,118.52244686959465,28.590666715179598,44.54553070515918
2023-03-28T05:00:00+02:00,10.274212929017832,5.244689867537963,120.18756828522356,29.158665337676744,44.727959382674534
2023-03-28T06:00:00+02:00,11.487550566242128,5.701853433753569,130.0387145138162,37.876377927965265,46.19367080258062
2023-03-28T07:00:00+02:00,15.49172589163162,7.308043145281308,165.76273617066403,49.90666577217778,50.66613225998853
2023-03-28T08:00:00+02:00,19.75153680556154,9.558629830438617,205.37045756892323,61.15079797477034,55.910571829708566
2023-03-28T09:00:00+02:00,20.66866512621718,9.391247996958057,203.43684327574184,64.34893849086437,58.37088669699236
2023-03-28T10:00:00+02:00,20.85630243033024,9.337976574408582,195.38096443289035,64.38054565574251,58.971731016107285
2023-03-28T11:00:00+02:00,21.00118760795396,8.82534794472668,181.92222980663624,63.63914248635091,58.934202854894046
2023-03-28T12:00:00+02:00,20.933042598207912,8.528670117844568,179.6009595622766,63.383449541384884,59.13852751318933
2023-03-28T13:00:00+02:00,20.768635800979293,8.199255186971213,178.59982500052396,61.94699013397258,59.05675327761423
2023-03-28T14:00:00+02:00,20.66507338632929,7.694661420891941,178.5990375305664,62.5772124988661,58.56884679146271
2023-03-28T15:00:00+02:00,19.59564128867698,7.464262468745164,170.4610459834106,60.31932277396353,57.84293363564364
2023-03-28T16:00:00+02:00,19.230348572473456,7.312367837333587,166.72865419442337,58.09681511305528,57.39297337996043
2023-03-28T17:00:00+02:00,18.692999196511824,7.353724720050735,166.37772959583458,56.863531461691935,55.8203231078882
2023-03-28T18:00:00+02:00,16.987264142502237,7.504770139007703,169.83163575928293,56.40908791065769,52.50633980284801
2023-03-28T19:00:00+02:00,17.117085732531585,8.415687791901558,177.40487630779216,57.37697013985434,52.21583555132099
2023-03-28T20:00:00+02:00,17.59480907501336,8.658002326061238,187.48872396478416,58.64671803033296,50.75895584852095
2023-03-28T21:00:00+02:00,16.723398368111756,8.298932735295189,186.64288511644557,57.02108888702346,48.94676743969123
2023-03-28T22:00:00+02:00,13.43209722016656,7.269975471776452,170.55767864117942,55.90079331693114,45.90507458456287
2023-03-28T23:00:00+02:00,13.320192058515715,6.3655030189660975,153.81731703167085,51.089971755588245,45.68557821436297
2023-03-29T00:00:00+02:00,12.518982596508193,5.533398145887292,137.04017220124854,45.149321312945666,44.333485599993836
2023-03-29T01:00:00+02:00,10.174105254112124,5.368925472329144,129.70792291714926,41.35771987309323,44.59356764177966
2023-03-29T02:00:00+02:00,8.287740807262619,5.098619372952697,119.99328345745445,37.132561491549474,44.275751292701294
2023-03-29T03:00:00+02:00,9.985234300695033,5.093318329589374,117.87388375992776,34.11426768806398,44.07097463782921
2023-03-29T04:00:00+02:00,10.110097092677904,5.122708012517623,118.173177542015,28.606977889907167,44.605016987877036
2023-03-29T05:00:00+02:00,10.293504341066221,5.184705298771391,120.56910525228038,28.958566307868068,44.80503320833453
2023-03-29T06:00:00+02:00,11.33401948675983,5.889214898940226,130.3321673542226,37.244358547371334,46.2035988623797
2023-03-29T07:00:00+02:00,15.923515937317038,7.558750610667707,166.3965234263771,50.01074730510152,50.941594418418546
2023-03-29T08:00:00+02:00,19.69980249441468,9.671434930479553,211.35990888284707,61.01236463475944,55.38273496512615
2023-03-29T09:00:00+02:00,20.10263706934941,9.456720734202467,203.30496792609333,64.57854344091841,58.233871049555766
2023-03-29T10:00:00+02:00,19.810864826381803,9.22423973380187,195.92940869986452,64.38176635252943,58.80457392038624
2023-03-29T11:00:00+02:00,19.828486721226653,8.705835400316854,182.14358584021664,63.81263763794446,59.203895068392214
2023-03-29T12:00:00+02:00,19.613599563443604,8.364481856197502,178.4461540165029,63.41139685319375,59.10346816911688
2023-03-29T13:00:00+02:00,19.57259224926593,8.188960233413287,178.4022967628345,62.45025276227267,59.06530027945878
2023-03-29T14:00:00+02:00,19.41746284061097,7.714056808641228,178.00198908148963,62.64702364919572,58.89599454747026
2023-03-29T15:00:00+02:00,18.91452288269782,7.460437094540959,169.83362353883342,60.45130824753482,58.59305328105086
2023-03-29T16:00:00+02:00,18.393935353388674,7.340534573736137,166.302650692595,58.5245315232811,57.6769445418091
2023-03-29T17:00:00+02:00,17.85181424926241,7.392441774047046,166.11894559674812,56.73447322885341,56.00190594345174
2023-03-29T18:00:00+02:00,16.65500384282415,7.472179242403146,169.8025817070137,56.219860154569886,53.06175820060342
2023-03-29T19:00:00+02:00,16.686460888197203,8.487076195698906,177.71340554827248,57.59212422936186,52.274361028600005
2023-03-29T20:00:00+02:00,17.317442722216942,8.790205121441877,188.22585801688402,59.51603578397867,50.88526094341978
2023-03-29T21:00:00+02:00,16.19546779270404,8.221602833553943,186.9149146435737,58.23272240075262,49.34541359631019
2023-03-29T22:00:00+02:00,13.288700484649071,7.302237768622758,169.63726160866284,55.99592925075795,46.32811535355991
2023-03-29T23:00:00+02:00,12.965868275850125,6.3656991193399115,153.67498979519084,50.63246522551941,45.77009034867042
2023-03-30T00:00:00+02:00,11.184528395370949,5.525982452133732,137.11460375747393,44.80546698699344,44.726638310405285
2023-03-30T01:00:00+02:00,9.913644457586024,5.383433925208216,129.58224635418657,41.471655316616705,44.662548819829276
2023-03-30T02:00:00+02:00,10.066376274806386,5.099096821858121,120.16971553505849,36.9251402323087,44.65075799021108
2023-03-30T03:00:00+02:00,9.948262425816383,5.078964390987679,117.88982190921443,34.21229413646127,44.10984278355988
2023-03-30T04:00:00+02:00,10.068127818050668,5.115769767669487,118.28819305246333,28.78759539910919,44.644801439079956
2023-03-30T05:00:00+02:00,10.195822486126831,5.185530579039658,120.3844779102332,29.39398831011492,44.98406747185292
2023-03-30T06:00:00+02:00,11.193625436580382,6.055932134685769,130.2136922616574,37.47233766843582,46.36554382007506
2023-03-30T07:00:00+02:00,15.864873646361394,7.865673576077288,166.10803924386863,50.94101618865986,50.727955755569525
2023-03-30T08:00:00+02:00,19.171411373835305,9.915546124098478,211.2653332380639,60.72257883165324,55.90571028012688
2023-03-30T09:00:00+02:00,19.42713517976107,9.510717447346522,202.75634997980342,64.80283099023599,58.59778057758708
2023-03-30T10:00:00+02:00,19.378311894273306,9.160628529186107,195.99286812225432,63.887212021245126,59.11456701936619
2023-03-30T11:00:00+02:00,19.282673903032727,8.643361086881985,181.5246399086366,63.278613666883714,59.67734994694098
2023-03-30T12:00:00+02:00,19.169279845292458,8.360988201842687,177.97840236249823,63.13681261373432,59.610028266738546
2023-03-30T13:00:00+02:00,19.101303919179365,8.176080387019818,178.0717801810312,62.55696649659645,59.46625630448632
2023-03-30T14:00:00+02:00,18.93068744271675,7.686771011321235,176.4739332891468,62.906114650709476,59.12977981457569
2023-03-30T15:00:00+02:00,18.62640166341245,7.434046725939952,169.71106048964847,60.66305794044718,58.49325407692712
2023-03-30T16:00:00+02:00,18.307908264133655,7.278675685402007,166.38180857838577,58.585937871355775,57.76901553901449
2023-03-30T17:00:00+02:00,17.816173969581403,7.330582885712916,165.9204727737118,56.841518957634285,56.574036025632495
2023-03-30T18:00:00+02:00,16.569997512985505,7.40171254159428,169.2630619627737,56.537705838144475,53.17452462595127
2023-03-30T19:00:00+02:00,16.82314390391923,8.355593205198671,176.15281936481333,57.19610859645953,51.925121829830665
2023-03-30T20:00:00+02:00,16.74285920267517,8.519841631806653,186.35530331551973,58.64120293534663,51.36100020275234
2023-03-30T21:00:00+02:00,15.850748810486174,8.157300052352278,185.64697676745547,57.22493473576562,50.35024547450315
2023-03-30T22:00:00+02:00,13.166738936657547,7.171348488242904,169.25890911458845,56.21003278531509,46.32043046972856
2023-03-30T23:00:00+02:00,13.12016288291286,6.347669609631376,153.0058682106613,50.43965368839549,45.88220364239279
2023-03-31T00:00:00+02:00,11.017867176284055,5.504408981256652,137.83002871057175,44.710998800115014,44.61203944012226
2023-03-31T01:00:00+02:00,9.91650284908808,5.360567454272784,129.261254882371,41.47046376826474,44.53527719422466
2023-03-31T02:00:00+02:00,9.162386911690982,5.045442002362031,119.55521524922767,36.75743271536231,44.454288777761334
2023-03-31T03:00:00+02:00,9.900440512738554,5.052992436696898,117.46378436357314,34.05102213442289,44.03400381531977
2023-03-31T04:00:00+02:00,9.911960562207435,5.084510723000724,117.63165445121545,28.5808509746666,44.427903408130724
2023-03-31T05:00:00+02:00,9.95848010787277,5.080572601808191,119.83694891349171,28.90673458864475,44.65265702228814
2023-03-31T06:00:00+02:00,10.987055895987611,6.007186737714699,129.0506281567039,37.135228645585485,46.49860342616315
2023-03-31T07:00:00+02:00,15.807759408611869,7.679473458991626,165.18565624629937,51.11623128386672,51.12162211673024
2023-03-31T08:00:00+02:00,18.874631963024267,9.938456971730027,210.34230667021797,60.698786137386385,55.724737207491195
2023-03-31T09:00:00+02:00,19.06213287531483,9.5295837782568,203.18529233494385,64.56994533826715,58.594370149497486
2023-03-31T10:00:00+02:00,19.033722694854113,9.033655027561693,198.67123507876693,63.9739909242715,59.11937680101594
2023-03-31T11:00:00+02:00,18.914656760783192,8.640411015076179,181.94749565312682,63.45335151269874,59.273797562022764
2023-03-31T12:00:00+02:00,18.73264933906297,8.36655350741401,177.70074592392305,63.32011026607945,59.14480131716923
2023-03-31T13:00:00+02:00,18.749683310295488,8.189130526973461,177.74857572563428,63.11474693811861,59.07691976154553
2023-03-31T14:00:00+02:00,18.707318100408386,7.851615019848663,176.8394885745462,62.93318219904732,59.251451490416414
2023-03-31T15:00:00+02:00,18.349453259454137,7.447612323183496,170.75204429556612,60.579417338775585,58.379161779547786
2023-03-31T16:00:00+02:00,18.08083901101984,7.338206907961674,168.2202975668319,58.55517852471128,57.574720007258286
2023-03-31T17:00:00+02:00,17.62556105996801,7.361667186476458,167.99093882310888,56.72360807476393,55.87810661723332
2023-03-31T18:00:00+02:00,16.348597297768816,7.447394804496907,169.68541098421318,56.32383130265636,52.853584376905665
2023-03-31T19:00:00+02:00,16.321523008882963,8.29498730066603,175.01144702197763,56.9974618582678,51.50406247021618
2023-03-31T20:00:00+02:00,16.581548283836728,8.174908040855707,183.6308953805102,58.613704436804674,51.278259126530365
2023-03-31T21:00:00+02:00,15.614724750823875,7.930255167901342,180.42274314997087,56.92800814091691,49.41702500935654
2023-03-31T22:00:00+02:00,12.963172018473252,7.11494437914953,166.40414636598743,55.24085489937837,45.68351137933219
2023-03-31T23:00:00+02:00,12.802206055031435,6.267650987266368,152.52477019477192,49.42717516854234,45.532359976029525
